task_id,set_id,img
1,1,https://surfdrive.surf.nl/files/index.php/s/wLczlcFRVucdwEB/download?path=%2F&files=img12.png
2,1,https://surfdrive.surf.nl/files/index.php/s/wLczlcFRVucdwEB/download?path=%2F&files=img6.png
3,1,https://surfdrive.surf.nl/files/index.php/s/wLczlcFRVucdwEB/download?path=%2F&files=img9.png
4,1,https://surfdrive.surf.nl/files/index.php/s/wLczlcFRVucdwEB/download?path=%2F&files=img10.png
5,1,https://surfdrive.surf.nl/files/index.php/s/wLczlcFRVucdwEB/download?path=%2F&files=img3.png
6,1,https://surfdrive.surf.nl/files/index.php/s/wLczlcFRVucdwEB/download?path=%2F&files=img14.png
7,1,https://surfdrive.surf.nl/files/index.php/s/wLczlcFRVucdwEB/download?path=%2F&files=img4.png
8,1,https://surfdrive.surf.nl/files/index.php/s/wLczlcFRVucdwEB/download?path=%2F&files=img12.png
9,2,https://surfdrive.surf.nl/files/index.php/s/wLczlcFRVucdwEB/download?path=%2F&files=img3.png
10,2,https://surfdrive.surf.nl/files/index.php/s/wLczlcFRVucdwEB/download?path=%2F&files=img9.png
11,2,https://surfdrive.surf.nl/files/index.php/s/wLczlcFRVucdwEB/download?path=%2F&files=img3.png
12,2,https://surfdrive.surf.nl/files/index.php/s/wLczlcFRVucdwEB/download?path=%2F&files=img3.png
13,2,https://surfdrive.surf.nl/files/index.php/s/wLczlcFRVucdwEB/download?path=%2F&files=img1.png
14,2,https://surfdrive.surf.nl/files/index.php/s/wLczlcFRVucdwEB/download?path=%2F&files=img14.png
15,2,https://surfdrive.surf.nl/files/index.php/s/wLczlcFRVucdwEB/download?path=%2F&files=img5.png
16,2,https://surfdrive.surf.nl/files/index.php/s/wLczlcFRVucdwEB/download?path=%2F&files=img6.png
17,3,https://surfdrive.surf.nl/files/index.php/s/wLczlcFRVucdwEB/download?path=%2F&files=img4.png
18,3,https://surfdrive.surf.nl/files/index.php/s/wLczlcFRVucdwEB/download?path=%2F&files=img13.png
19,3,https://surfdrive.surf.nl/files/index.php/s/wLczlcFRVucdwEB/download?path=%2F&files=img5.png
20,3,https://surfdrive.surf.nl/files/index.php/s/wLczlcFRVucdwEB/download?path=%2F&files=img11.png
21,3,https://surfdrive.surf.nl/files/index.php/s/wLczlcFRVucdwEB/download?path=%2F&files=img9.png
22,3,https://surfdrive.surf.nl/files/index.php/s/wLczlcFRVucdwEB/download?path=%2F&files=img7.png
23,3,https://surfdrive.surf.nl/files/index.php/s/wLczlcFRVucdwEB/download?path=%2F&files=img9.png
24,3,https://surfdrive.surf.nl/files/index.php/s/wLczlcFRVucdwEB/download?path=%2F&files=img2.png
25,4,https://surfdrive.surf.nl/files/index.php/s/wLczlcFRVucdwEB/download?path=%2F&files=img2.png
26,4,https://surfdrive.surf.nl/files/index.php/s/wLczlcFRVucdwEB/download?path=%2F&files=img10.png
27,4,https://surfdrive.surf.nl/files/index.php/s/wLczlcFRVucdwEB/download?path=%2F&files=img12.png
28,4,https://surfdrive.surf.nl/files/index.php/s/wLczlcFRVucdwEB/download?path=%2F&files=img1.png
29,4,https://surfdrive.surf.nl/files/index.php/s/wLczlcFRVucdwEB/download?path=%2F&files=img11.png
30,4,https://surfdrive.surf.nl/files/index.php/s/wLczlcFRVucdwEB/download?path=%2F&files=img7.png
31,4,https://surfdrive.surf.nl/files/index.php/s/wLczlcFRVucdwEB/download?path=%2F&files=img13.png
32,4,https://surfdrive.surf.nl/files/index.php/s/wLczlcFRVucdwEB/download?path=%2F&files=img2.png
33,5,https://surfdrive.surf.nl/files/index.php/s/wLczlcFRVucdwEB/download?path=%2F&files=img13.png
34,5,https://surfdrive.surf.nl/files/index.php/s/wLczlcFRVucdwEB/download?path=%2F&files=img8.png
35,5,https://surfdrive.surf.nl/files/index.php/s/wLczlcFRVucdwEB/download?path=%2F&files=img9.png
36,5,https://surfdrive.surf.nl/files/index.php/s/wLczlcFRVucdwEB/download?path=%2F&files=img6.png
37,5,https://surfdrive.surf.nl/files/index.php/s/wLczlcFRVucdwEB/download?path=%2F&files=img14.png
38,5,https://surfdrive.surf.nl/files/index.php/s/wLczlcFRVucdwEB/download?path=%2F&files=img8.png
39,5,https://surfdrive.surf.nl/files/index.php/s/wLczlcFRVucdwEB/download?path=%2F&files=img4.png
40,5,https://surfdrive.surf.nl/files/index.php/s/wLczlcFRVucdwEB/download?path=%2F&files=img9.png
41,6,https://surfdrive.surf.nl/files/index.php/s/wLczlcFRVucdwEB/download?path=%2F&files=img2.png
42,6,https://surfdrive.surf.nl/files/index.php/s/wLczlcFRVucdwEB/download?path=%2F&files=img8.png
43,6,https://surfdrive.surf.nl/files/index.php/s/wLczlcFRVucdwEB/download?path=%2F&files=img6.png
44,6,https://surfdrive.surf.nl/files/index.php/s/wLczlcFRVucdwEB/download?path=%2F&files=img7.png
45,6,https://surfdrive.surf.nl/files/index.php/s/wLczlcFRVucdwEB/download?path=%2F&files=img1.png
46,6,https://surfdrive.surf.nl/files/index.php/s/wLczlcFRVucdwEB/download?path=%2F&files=img7.png
47,6,https://surfdrive.surf.nl/files/index.php/s/wLczlcFRVucdwEB/download?path=%2F&files=img12.png
48,6,https://surfdrive.surf.nl/files/index.php/s/wLczlcFRVucdwEB/download?path=%2F&files=img1.png
49,7,https://surfdrive.surf.nl/files/index.php/s/wLczlcFRVucdwEB/download?path=%2F&files=img5.png
50,7,https://surfdrive.surf.nl/files/index.php/s/wLczlcFRVucdwEB/download?path=%2F&files=img4.png
51,7,https://surfdrive.surf.nl/files/index.php/s/wLczlcFRVucdwEB/download?path=%2F&files=img6.png
52,7,https://surfdrive.surf.nl/files/index.php/s/wLczlcFRVucdwEB/download?path=%2F&files=img8.png
53,7,https://surfdrive.surf.nl/files/index.php/s/wLczlcFRVucdwEB/download?path=%2F&files=img11.png
54,7,https://surfdrive.surf.nl/files/index.php/s/wLczlcFRVucdwEB/download?path=%2F&files=img13.png
55,7,https://surfdrive.surf.nl/files/index.php/s/wLczlcFRVucdwEB/download?path=%2F&files=img14.png
56,7,https://surfdrive.surf.nl/files/index.php/s/wLczlcFRVucdwEB/download?path=%2F&files=img13.png
57,8,https://surfdrive.surf.nl/files/index.php/s/wLczlcFRVucdwEB/download?path=%2F&files=img9.png
58,8,https://surfdrive.surf.nl/files/index.php/s/wLczlcFRVucdwEB/download?path=%2F&files=img7.png
59,8,https://surfdrive.surf.nl/files/index.php/s/wLczlcFRVucdwEB/download?path=%2F&files=img12.png
60,8,https://surfdrive.surf.nl/files/index.php/s/wLczlcFRVucdwEB/download?path=%2F&files=img13.png
61,8,https://surfdrive.surf.nl/files/index.php/s/wLczlcFRVucdwEB/download?path=%2F&files=img4.png
62,8,https://surfdrive.surf.nl/files/index.php/s/wLczlcFRVucdwEB/download?path=%2F&files=img7.png
63,8,https://surfdrive.surf.nl/files/index.php/s/wLczlcFRVucdwEB/download?path=%2F&files=img7.png
64,8,https://surfdrive.surf.nl/files/index.php/s/wLczlcFRVucdwEB/download?path=%2F&files=img10.png
65,9,https://surfdrive.surf.nl/files/index.php/s/wLczlcFRVucdwEB/download?path=%2F&files=img12.png
66,9,https://surfdrive.surf.nl/files/index.php/s/wLczlcFRVucdwEB/download?path=%2F&files=img13.png
67,9,https://surfdrive.surf.nl/files/index.php/s/wLczlcFRVucdwEB/download?path=%2F&files=img13.png
68,9,https://surfdrive.surf.nl/files/index.php/s/wLczlcFRVucdwEB/download?path=%2F&files=img9.png
69,9,https://surfdrive.surf.nl/files/index.php/s/wLczlcFRVucdwEB/download?path=%2F&files=img1.png
70,9,https://surfdrive.surf.nl/files/index.php/s/wLczlcFRVucdwEB/download?path=%2F&files=img14.png
71,9,https://surfdrive.surf.nl/files/index.php/s/wLczlcFRVucdwEB/download?path=%2F&files=img3.png
72,9,https://surfdrive.surf.nl/files/index.php/s/wLczlcFRVucdwEB/download?path=%2F&files=img12.png
73,10,https://surfdrive.surf.nl/files/index.php/s/wLczlcFRVucdwEB/download?path=%2F&files=img4.png
74,10,https://surfdrive.surf.nl/files/index.php/s/wLczlcFRVucdwEB/download?path=%2F&files=img7.png
75,10,https://surfdrive.surf.nl/files/index.php/s/wLczlcFRVucdwEB/download?path=%2F&files=img4.png
76,10,https://surfdrive.surf.nl/files/index.php/s/wLczlcFRVucdwEB/download?path=%2F&files=img5.png
77,10,https://surfdrive.surf.nl/files/index.php/s/wLczlcFRVucdwEB/download?path=%2F&files=img3.png
78,10,https://surfdrive.surf.nl/files/index.php/s/wLczlcFRVucdwEB/download?path=%2F&files=img11.png
79,10,https://surfdrive.surf.nl/files/index.php/s/wLczlcFRVucdwEB/download?path=%2F&files=img14.png
80,10,https://surfdrive.surf.nl/files/index.php/s/wLczlcFRVucdwEB/download?path=%2F&files=img9.png
81,11,https://surfdrive.surf.nl/files/index.php/s/wLczlcFRVucdwEB/download?path=%2F&files=img12.png
82,11,https://surfdrive.surf.nl/files/index.php/s/wLczlcFRVucdwEB/download?path=%2F&files=img9.png
83,11,https://surfdrive.surf.nl/files/index.php/s/wLczlcFRVucdwEB/download?path=%2F&files=img5.png
84,11,https://surfdrive.surf.nl/files/index.php/s/wLczlcFRVucdwEB/download?path=%2F&files=img14.png
85,11,https://surfdrive.surf.nl/files/index.php/s/wLczlcFRVucdwEB/download?path=%2F&files=img1.png
86,11,https://surfdrive.surf.nl/files/index.php/s/wLczlcFRVucdwEB/download?path=%2F&files=img4.png
87,11,https://surfdrive.surf.nl/files/index.php/s/wLczlcFRVucdwEB/download?path=%2F&files=img5.png
88,11,https://surfdrive.surf.nl/files/index.php/s/wLczlcFRVucdwEB/download?path=%2F&files=img10.png
89,12,https://surfdrive.surf.nl/files/index.php/s/wLczlcFRVucdwEB/download?path=%2F&files=img14.png
90,12,https://surfdrive.surf.nl/files/index.php/s/wLczlcFRVucdwEB/download?path=%2F&files=img14.png
91,12,https://surfdrive.surf.nl/files/index.php/s/wLczlcFRVucdwEB/download?path=%2F&files=img13.png
92,12,https://surfdrive.surf.nl/files/index.php/s/wLczlcFRVucdwEB/download?path=%2F&files=img5.png
93,12,https://surfdrive.surf.nl/files/index.php/s/wLczlcFRVucdwEB/download?path=%2F&files=img14.png
94,12,https://surfdrive.surf.nl/files/index.php/s/wLczlcFRVucdwEB/download?path=%2F&files=img11.png
95,12,https://surfdrive.surf.nl/files/index.php/s/wLczlcFRVucdwEB/download?path=%2F&files=img8.png
96,12,https://surfdrive.surf.nl/files/index.php/s/wLczlcFRVucdwEB/download?path=%2F&files=img12.png
97,13,https://surfdrive.surf.nl/files/index.php/s/wLczlcFRVucdwEB/download?path=%2F&files=img4.png
98,13,https://surfdrive.surf.nl/files/index.php/s/wLczlcFRVucdwEB/download?path=%2F&files=img9.png
99,13,https://surfdrive.surf.nl/files/index.php/s/wLczlcFRVucdwEB/download?path=%2F&files=img11.png
100,13,https://surfdrive.surf.nl/files/index.php/s/wLczlcFRVucdwEB/download?path=%2F&files=img7.png
101,13,https://surfdrive.surf.nl/files/index.php/s/wLczlcFRVucdwEB/download?path=%2F&files=img13.png
102,13,https://surfdrive.surf.nl/files/index.php/s/wLczlcFRVucdwEB/download?path=%2F&files=img3.png
103,13,https://surfdrive.surf.nl/files/index.php/s/wLczlcFRVucdwEB/download?path=%2F&files=img4.png
104,13,https://surfdrive.surf.nl/files/index.php/s/wLczlcFRVucdwEB/download?path=%2F&files=img14.png
105,14,https://surfdrive.surf.nl/files/index.php/s/wLczlcFRVucdwEB/download?path=%2F&files=img6.png
106,14,https://surfdrive.surf.nl/files/index.php/s/wLczlcFRVucdwEB/download?path=%2F&files=img5.png
107,14,https://surfdrive.surf.nl/files/index.php/s/wLczlcFRVucdwEB/download?path=%2F&files=img1.png
108,14,https://surfdrive.surf.nl/files/index.php/s/wLczlcFRVucdwEB/download?path=%2F&files=img14.png
109,14,https://surfdrive.surf.nl/files/index.php/s/wLczlcFRVucdwEB/download?path=%2F&files=img9.png
110,14,https://surfdrive.surf.nl/files/index.php/s/wLczlcFRVucdwEB/download?path=%2F&files=img12.png
111,14,https://surfdrive.surf.nl/files/index.php/s/wLczlcFRVucdwEB/download?path=%2F&files=img6.png
112,14,https://surfdrive.surf.nl/files/index.php/s/wLczlcFRVucdwEB/download?path=%2F&files=img2.png
113,15,https://surfdrive.surf.nl/files/index.php/s/wLczlcFRVucdwEB/download?path=%2F&files=img7.png
114,15,https://surfdrive.surf.nl/files/index.php/s/wLczlcFRVucdwEB/download?path=%2F&files=img4.png
115,15,https://surfdrive.surf.nl/files/index.php/s/wLczlcFRVucdwEB/download?path=%2F&files=img10.png
116,15,https://surfdrive.surf.nl/files/index.php/s/wLczlcFRVucdwEB/download?path=%2F&files=img5.png
117,15,https://surfdrive.surf.nl/files/index.php/s/wLczlcFRVucdwEB/download?path=%2F&files=img11.png
118,15,https://surfdrive.surf.nl/files/index.php/s/wLczlcFRVucdwEB/download?path=%2F&files=img14.png
119,15,https://surfdrive.surf.nl/files/index.php/s/wLczlcFRVucdwEB/download?path=%2F&files=img11.png
120,15,https://surfdrive.surf.nl/files/index.php/s/wLczlcFRVucdwEB/download?path=%2F&files=img12.png
121,16,https://surfdrive.surf.nl/files/index.php/s/wLczlcFRVucdwEB/download?path=%2F&files=img4.png
122,16,https://surfdrive.surf.nl/files/index.php/s/wLczlcFRVucdwEB/download?path=%2F&files=img2.png
123,16,https://surfdrive.surf.nl/files/index.php/s/wLczlcFRVucdwEB/download?path=%2F&files=img12.png
124,16,https://surfdrive.surf.nl/files/index.php/s/wLczlcFRVucdwEB/download?path=%2F&files=img10.png
125,16,https://surfdrive.surf.nl/files/index.php/s/wLczlcFRVucdwEB/download?path=%2F&files=img12.png
126,16,https://surfdrive.surf.nl/files/index.php/s/wLczlcFRVucdwEB/download?path=%2F&files=img5.png
127,16,https://surfdrive.surf.nl/files/index.php/s/wLczlcFRVucdwEB/download?path=%2F&files=img13.png
128,16,https://surfdrive.surf.nl/files/index.php/s/wLczlcFRVucdwEB/download?path=%2F&files=img12.png
129,17,https://surfdrive.surf.nl/files/index.php/s/wLczlcFRVucdwEB/download?path=%2F&files=img2.png
130,17,https://surfdrive.surf.nl/files/index.php/s/wLczlcFRVucdwEB/download?path=%2F&files=img14.png
131,17,https://surfdrive.surf.nl/files/index.php/s/wLczlcFRVucdwEB/download?path=%2F&files=img9.png
132,17,https://surfdrive.surf.nl/files/index.php/s/wLczlcFRVucdwEB/download?path=%2F&files=img6.png
133,17,https://surfdrive.surf.nl/files/index.php/s/wLczlcFRVucdwEB/download?path=%2F&files=img4.png
134,17,https://surfdrive.surf.nl/files/index.php/s/wLczlcFRVucdwEB/download?path=%2F&files=img6.png
135,17,https://surfdrive.surf.nl/files/index.php/s/wLczlcFRVucdwEB/download?path=%2F&files=img12.png
136,17,https://surfdrive.surf.nl/files/index.php/s/wLczlcFRVucdwEB/download?path=%2F&files=img2.png
137,18,https://surfdrive.surf.nl/files/index.php/s/wLczlcFRVucdwEB/download?path=%2F&files=img8.png
138,18,https://surfdrive.surf.nl/files/index.php/s/wLczlcFRVucdwEB/download?path=%2F&files=img11.png
139,18,https://surfdrive.surf.nl/files/index.php/s/wLczlcFRVucdwEB/download?path=%2F&files=img1.png
140,18,https://surfdrive.surf.nl/files/index.php/s/wLczlcFRVucdwEB/download?path=%2F&files=img11.png
141,18,https://surfdrive.surf.nl/files/index.php/s/wLczlcFRVucdwEB/download?path=%2F&files=img9.png
142,18,https://surfdrive.surf.nl/files/index.php/s/wLczlcFRVucdwEB/download?path=%2F&files=img14.png
143,18,https://surfdrive.surf.nl/files/index.php/s/wLczlcFRVucdwEB/download?path=%2F&files=img10.png
144,18,https://surfdrive.surf.nl/files/index.php/s/wLczlcFRVucdwEB/download?path=%2F&files=img9.png
145,19,https://surfdrive.surf.nl/files/index.php/s/wLczlcFRVucdwEB/download?path=%2F&files=img4.png
146,19,https://surfdrive.surf.nl/files/index.php/s/wLczlcFRVucdwEB/download?path=%2F&files=img6.png
147,19,https://surfdrive.surf.nl/files/index.php/s/wLczlcFRVucdwEB/download?path=%2F&files=img10.png
148,19,https://surfdrive.surf.nl/files/index.php/s/wLczlcFRVucdwEB/download?path=%2F&files=img1.png
149,19,https://surfdrive.surf.nl/files/index.php/s/wLczlcFRVucdwEB/download?path=%2F&files=img6.png
150,19,https://surfdrive.surf.nl/files/index.php/s/wLczlcFRVucdwEB/download?path=%2F&files=img6.png
151,19,https://surfdrive.surf.nl/files/index.php/s/wLczlcFRVucdwEB/download?path=%2F&files=img14.png
152,19,https://surfdrive.surf.nl/files/index.php/s/wLczlcFRVucdwEB/download?path=%2F&files=img1.png
153,20,https://surfdrive.surf.nl/files/index.php/s/wLczlcFRVucdwEB/download?path=%2F&files=img1.png
154,20,https://surfdrive.surf.nl/files/index.php/s/wLczlcFRVucdwEB/download?path=%2F&files=img12.png
155,20,https://surfdrive.surf.nl/files/index.php/s/wLczlcFRVucdwEB/download?path=%2F&files=img1.png
156,20,https://surfdrive.surf.nl/files/index.php/s/wLczlcFRVucdwEB/download?path=%2F&files=img12.png
157,20,https://surfdrive.surf.nl/files/index.php/s/wLczlcFRVucdwEB/download?path=%2F&files=img12.png
158,20,https://surfdrive.surf.nl/files/index.php/s/wLczlcFRVucdwEB/download?path=%2F&files=img13.png
159,20,https://surfdrive.surf.nl/files/index.php/s/wLczlcFRVucdwEB/download?path=%2F&files=img2.png
160,20,https://surfdrive.surf.nl/files/index.php/s/wLczlcFRVucdwEB/download?path=%2F&files=img11.png
161,21,https://surfdrive.surf.nl/files/index.php/s/wLczlcFRVucdwEB/download?path=%2F&files=img9.png
162,21,https://surfdrive.surf.nl/files/index.php/s/wLczlcFRVucdwEB/download?path=%2F&files=img11.png
163,21,https://surfdrive.surf.nl/files/index.php/s/wLczlcFRVucdwEB/download?path=%2F&files=img12.png
164,21,https://surfdrive.surf.nl/files/index.php/s/wLczlcFRVucdwEB/download?path=%2F&files=img11.png
165,21,https://surfdrive.surf.nl/files/index.php/s/wLczlcFRVucdwEB/download?path=%2F&files=img2.png
166,21,https://surfdrive.surf.nl/files/index.php/s/wLczlcFRVucdwEB/download?path=%2F&files=img3.png
167,21,https://surfdrive.surf.nl/files/index.php/s/wLczlcFRVucdwEB/download?path=%2F&files=img8.png
168,21,https://surfdrive.surf.nl/files/index.php/s/wLczlcFRVucdwEB/download?path=%2F&files=img8.png
169,22,https://surfdrive.surf.nl/files/index.php/s/wLczlcFRVucdwEB/download?path=%2F&files=img6.png
170,22,https://surfdrive.surf.nl/files/index.php/s/wLczlcFRVucdwEB/download?path=%2F&files=img12.png
171,22,https://surfdrive.surf.nl/files/index.php/s/wLczlcFRVucdwEB/download?path=%2F&files=img6.png
172,22,https://surfdrive.surf.nl/files/index.php/s/wLczlcFRVucdwEB/download?path=%2F&files=img10.png
173,22,https://surfdrive.surf.nl/files/index.php/s/wLczlcFRVucdwEB/download?path=%2F&files=img8.png
174,22,https://surfdrive.surf.nl/files/index.php/s/wLczlcFRVucdwEB/download?path=%2F&files=img1.png
175,22,https://surfdrive.surf.nl/files/index.php/s/wLczlcFRVucdwEB/download?path=%2F&files=img8.png
176,22,https://surfdrive.surf.nl/files/index.php/s/wLczlcFRVucdwEB/download?path=%2F&files=img5.png
177,23,https://surfdrive.surf.nl/files/index.php/s/wLczlcFRVucdwEB/download?path=%2F&files=img9.png
178,23,https://surfdrive.surf.nl/files/index.php/s/wLczlcFRVucdwEB/download?path=%2F&files=img3.png
179,23,https://surfdrive.surf.nl/files/index.php/s/wLczlcFRVucdwEB/download?path=%2F&files=img6.png
180,23,https://surfdrive.surf.nl/files/index.php/s/wLczlcFRVucdwEB/download?path=%2F&files=img5.png
181,23,https://surfdrive.surf.nl/files/index.php/s/wLczlcFRVucdwEB/download?path=%2F&files=img10.png
182,23,https://surfdrive.surf.nl/files/index.php/s/wLczlcFRVucdwEB/download?path=%2F&files=img8.png
183,23,https://surfdrive.surf.nl/files/index.php/s/wLczlcFRVucdwEB/download?path=%2F&files=img14.png
184,23,https://surfdrive.surf.nl/files/index.php/s/wLczlcFRVucdwEB/download?path=%2F&files=img6.png
185,24,https://surfdrive.surf.nl/files/index.php/s/wLczlcFRVucdwEB/download?path=%2F&files=img3.png
186,24,https://surfdrive.surf.nl/files/index.php/s/wLczlcFRVucdwEB/download?path=%2F&files=img11.png
187,24,https://surfdrive.surf.nl/files/index.php/s/wLczlcFRVucdwEB/download?path=%2F&files=img3.png
188,24,https://surfdrive.surf.nl/files/index.php/s/wLczlcFRVucdwEB/download?path=%2F&files=img12.png
189,24,https://surfdrive.surf.nl/files/index.php/s/wLczlcFRVucdwEB/download?path=%2F&files=img14.png
190,24,https://surfdrive.surf.nl/files/index.php/s/wLczlcFRVucdwEB/download?path=%2F&files=img11.png
191,24,https://surfdrive.surf.nl/files/index.php/s/wLczlcFRVucdwEB/download?path=%2F&files=img10.png
192,24,https://surfdrive.surf.nl/files/index.php/s/wLczlcFRVucdwEB/download?path=%2F&files=img5.png
193,25,https://surfdrive.surf.nl/files/index.php/s/wLczlcFRVucdwEB/download?path=%2F&files=img2.png
194,25,https://surfdrive.surf.nl/files/index.php/s/wLczlcFRVucdwEB/download?path=%2F&files=img6.png
195,25,https://surfdrive.surf.nl/files/index.php/s/wLczlcFRVucdwEB/download?path=%2F&files=img1.png
196,25,https://surfdrive.surf.nl/files/index.php/s/wLczlcFRVucdwEB/download?path=%2F&files=img11.png
197,25,https://surfdrive.surf.nl/files/index.php/s/wLczlcFRVucdwEB/download?path=%2F&files=img8.png
198,25,https://surfdrive.surf.nl/files/index.php/s/wLczlcFRVucdwEB/download?path=%2F&files=img14.png
199,25,https://surfdrive.surf.nl/files/index.php/s/wLczlcFRVucdwEB/download?path=%2F&files=img4.png
200,25,https://surfdrive.surf.nl/files/index.php/s/wLczlcFRVucdwEB/download?path=%2F&files=img13.png
201,26,https://surfdrive.surf.nl/files/index.php/s/wLczlcFRVucdwEB/download?path=%2F&files=img12.png
202,26,https://surfdrive.surf.nl/files/index.php/s/wLczlcFRVucdwEB/download?path=%2F&files=img12.png
203,26,https://surfdrive.surf.nl/files/index.php/s/wLczlcFRVucdwEB/download?path=%2F&files=img7.png
204,26,https://surfdrive.surf.nl/files/index.php/s/wLczlcFRVucdwEB/download?path=%2F&files=img8.png
205,26,https://surfdrive.surf.nl/files/index.php/s/wLczlcFRVucdwEB/download?path=%2F&files=img8.png
206,26,https://surfdrive.surf.nl/files/index.php/s/wLczlcFRVucdwEB/download?path=%2F&files=img1.png
207,26,https://surfdrive.surf.nl/files/index.php/s/wLczlcFRVucdwEB/download?path=%2F&files=img6.png
208,26,https://surfdrive.surf.nl/files/index.php/s/wLczlcFRVucdwEB/download?path=%2F&files=img13.png
209,27,https://surfdrive.surf.nl/files/index.php/s/wLczlcFRVucdwEB/download?path=%2F&files=img7.png
210,27,https://surfdrive.surf.nl/files/index.php/s/wLczlcFRVucdwEB/download?path=%2F&files=img4.png
211,27,https://surfdrive.surf.nl/files/index.php/s/wLczlcFRVucdwEB/download?path=%2F&files=img10.png
212,27,https://surfdrive.surf.nl/files/index.php/s/wLczlcFRVucdwEB/download?path=%2F&files=img4.png
213,27,https://surfdrive.surf.nl/files/index.php/s/wLczlcFRVucdwEB/download?path=%2F&files=img2.png
214,27,https://surfdrive.surf.nl/files/index.php/s/wLczlcFRVucdwEB/download?path=%2F&files=img14.png
215,27,https://surfdrive.surf.nl/files/index.php/s/wLczlcFRVucdwEB/download?path=%2F&files=img14.png
216,27,https://surfdrive.surf.nl/files/index.php/s/wLczlcFRVucdwEB/download?path=%2F&files=img4.png
217,28,https://surfdrive.surf.nl/files/index.php/s/wLczlcFRVucdwEB/download?path=%2F&files=img8.png
218,28,https://surfdrive.surf.nl/files/index.php/s/wLczlcFRVucdwEB/download?path=%2F&files=img2.png
219,28,https://surfdrive.surf.nl/files/index.php/s/wLczlcFRVucdwEB/download?path=%2F&files=img12.png
220,28,https://surfdrive.surf.nl/files/index.php/s/wLczlcFRVucdwEB/download?path=%2F&files=img8.png
221,28,https://surfdrive.surf.nl/files/index.php/s/wLczlcFRVucdwEB/download?path=%2F&files=img11.png
222,28,https://surfdrive.surf.nl/files/index.php/s/wLczlcFRVucdwEB/download?path=%2F&files=img6.png
223,28,https://surfdrive.surf.nl/files/index.php/s/wLczlcFRVucdwEB/download?path=%2F&files=img11.png
224,28,https://surfdrive.surf.nl/files/index.php/s/wLczlcFRVucdwEB/download?path=%2F&files=img2.png
225,29,https://surfdrive.surf.nl/files/index.php/s/wLczlcFRVucdwEB/download?path=%2F&files=img14.png
226,29,https://surfdrive.surf.nl/files/index.php/s/wLczlcFRVucdwEB/download?path=%2F&files=img5.png
227,29,https://surfdrive.surf.nl/files/index.php/s/wLczlcFRVucdwEB/download?path=%2F&files=img3.png
228,29,https://surfdrive.surf.nl/files/index.php/s/wLczlcFRVucdwEB/download?path=%2F&files=img1.png
229,29,https://surfdrive.surf.nl/files/index.php/s/wLczlcFRVucdwEB/download?path=%2F&files=img9.png
230,29,https://surfdrive.surf.nl/files/index.php/s/wLczlcFRVucdwEB/download?path=%2F&files=img1.png
231,29,https://surfdrive.surf.nl/files/index.php/s/wLczlcFRVucdwEB/download?path=%2F&files=img13.png
232,29,https://surfdrive.surf.nl/files/index.php/s/wLczlcFRVucdwEB/download?path=%2F&files=img13.png
233,30,https://surfdrive.surf.nl/files/index.php/s/wLczlcFRVucdwEB/download?path=%2F&files=img12.png
234,30,https://surfdrive.surf.nl/files/index.php/s/wLczlcFRVucdwEB/download?path=%2F&files=img13.png
235,30,https://surfdrive.surf.nl/files/index.php/s/wLczlcFRVucdwEB/download?path=%2F&files=img11.png
236,30,https://surfdrive.surf.nl/files/index.php/s/wLczlcFRVucdwEB/download?path=%2F&files=img2.png
237,30,https://surfdrive.surf.nl/files/index.php/s/wLczlcFRVucdwEB/download?path=%2F&files=img1.png
238,30,https://surfdrive.surf.nl/files/index.php/s/wLczlcFRVucdwEB/download?path=%2F&files=img2.png
239,30,https://surfdrive.surf.nl/files/index.php/s/wLczlcFRVucdwEB/download?path=%2F&files=img10.png
240,30,https://surfdrive.surf.nl/files/index.php/s/wLczlcFRVucdwEB/download?path=%2F&files=img1.png
241,31,https://surfdrive.surf.nl/files/index.php/s/wLczlcFRVucdwEB/download?path=%2F&files=img13.png
242,31,https://surfdrive.surf.nl/files/index.php/s/wLczlcFRVucdwEB/download?path=%2F&files=img11.png
243,31,https://surfdrive.surf.nl/files/index.php/s/wLczlcFRVucdwEB/download?path=%2F&files=img11.png
244,31,https://surfdrive.surf.nl/files/index.php/s/wLczlcFRVucdwEB/download?path=%2F&files=img1.png
245,31,https://surfdrive.surf.nl/files/index.php/s/wLczlcFRVucdwEB/download?path=%2F&files=img3.png
246,31,https://surfdrive.surf.nl/files/index.php/s/wLczlcFRVucdwEB/download?path=%2F&files=img12.png
247,31,https://surfdrive.surf.nl/files/index.php/s/wLczlcFRVucdwEB/download?path=%2F&files=img9.png
248,31,https://surfdrive.surf.nl/files/index.php/s/wLczlcFRVucdwEB/download?path=%2F&files=img9.png
249,32,https://surfdrive.surf.nl/files/index.php/s/wLczlcFRVucdwEB/download?path=%2F&files=img1.png
250,32,https://surfdrive.surf.nl/files/index.php/s/wLczlcFRVucdwEB/download?path=%2F&files=img13.png
251,32,https://surfdrive.surf.nl/files/index.php/s/wLczlcFRVucdwEB/download?path=%2F&files=img12.png
252,32,https://surfdrive.surf.nl/files/index.php/s/wLczlcFRVucdwEB/download?path=%2F&files=img1.png
253,32,https://surfdrive.surf.nl/files/index.php/s/wLczlcFRVucdwEB/download?path=%2F&files=img6.png
254,32,https://surfdrive.surf.nl/files/index.php/s/wLczlcFRVucdwEB/download?path=%2F&files=img6.png
255,32,https://surfdrive.surf.nl/files/index.php/s/wLczlcFRVucdwEB/download?path=%2F&files=img2.png
256,32,https://surfdrive.surf.nl/files/index.php/s/wLczlcFRVucdwEB/download?path=%2F&files=img9.png
257,33,https://surfdrive.surf.nl/files/index.php/s/wLczlcFRVucdwEB/download?path=%2F&files=img12.png
258,33,https://surfdrive.surf.nl/files/index.php/s/wLczlcFRVucdwEB/download?path=%2F&files=img13.png
259,33,https://surfdrive.surf.nl/files/index.php/s/wLczlcFRVucdwEB/download?path=%2F&files=img9.png
260,33,https://surfdrive.surf.nl/files/index.php/s/wLczlcFRVucdwEB/download?path=%2F&files=img10.png
261,33,https://surfdrive.surf.nl/files/index.php/s/wLczlcFRVucdwEB/download?path=%2F&files=img7.png
262,33,https://surfdrive.surf.nl/files/index.php/s/wLczlcFRVucdwEB/download?path=%2F&files=img12.png
263,33,https://surfdrive.surf.nl/files/index.php/s/wLczlcFRVucdwEB/download?path=%2F&files=img3.png
264,33,https://surfdrive.surf.nl/files/index.php/s/wLczlcFRVucdwEB/download?path=%2F&files=img3.png
265,34,https://surfdrive.surf.nl/files/index.php/s/wLczlcFRVucdwEB/download?path=%2F&files=img13.png
266,34,https://surfdrive.surf.nl/files/index.php/s/wLczlcFRVucdwEB/download?path=%2F&files=img9.png
267,34,https://surfdrive.surf.nl/files/index.php/s/wLczlcFRVucdwEB/download?path=%2F&files=img2.png
268,34,https://surfdrive.surf.nl/files/index.php/s/wLczlcFRVucdwEB/download?path=%2F&files=img5.png
269,34,https://surfdrive.surf.nl/files/index.php/s/wLczlcFRVucdwEB/download?path=%2F&files=img3.png
270,34,https://surfdrive.surf.nl/files/index.php/s/wLczlcFRVucdwEB/download?path=%2F&files=img7.png
271,34,https://surfdrive.surf.nl/files/index.php/s/wLczlcFRVucdwEB/download?path=%2F&files=img9.png
272,34,https://surfdrive.surf.nl/files/index.php/s/wLczlcFRVucdwEB/download?path=%2F&files=img4.png
273,35,https://surfdrive.surf.nl/files/index.php/s/wLczlcFRVucdwEB/download?path=%2F&files=img10.png
274,35,https://surfdrive.surf.nl/files/index.php/s/wLczlcFRVucdwEB/download?path=%2F&files=img1.png
275,35,https://surfdrive.surf.nl/files/index.php/s/wLczlcFRVucdwEB/download?path=%2F&files=img11.png
276,35,https://surfdrive.surf.nl/files/index.php/s/wLczlcFRVucdwEB/download?path=%2F&files=img4.png
277,35,https://surfdrive.surf.nl/files/index.php/s/wLczlcFRVucdwEB/download?path=%2F&files=img12.png
278,35,https://surfdrive.surf.nl/files/index.php/s/wLczlcFRVucdwEB/download?path=%2F&files=img2.png
279,35,https://surfdrive.surf.nl/files/index.php/s/wLczlcFRVucdwEB/download?path=%2F&files=img13.png
280,35,https://surfdrive.surf.nl/files/index.php/s/wLczlcFRVucdwEB/download?path=%2F&files=img4.png
281,36,https://surfdrive.surf.nl/files/index.php/s/wLczlcFRVucdwEB/download?path=%2F&files=img12.png
282,36,https://surfdrive.surf.nl/files/index.php/s/wLczlcFRVucdwEB/download?path=%2F&files=img7.png
283,36,https://surfdrive.surf.nl/files/index.php/s/wLczlcFRVucdwEB/download?path=%2F&files=img14.png
284,36,https://surfdrive.surf.nl/files/index.php/s/wLczlcFRVucdwEB/download?path=%2F&files=img6.png
285,36,https://surfdrive.surf.nl/files/index.php/s/wLczlcFRVucdwEB/download?path=%2F&files=img5.png
286,36,https://surfdrive.surf.nl/files/index.php/s/wLczlcFRVucdwEB/download?path=%2F&files=img2.png
287,36,https://surfdrive.surf.nl/files/index.php/s/wLczlcFRVucdwEB/download?path=%2F&files=img10.png
288,36,https://surfdrive.surf.nl/files/index.php/s/wLczlcFRVucdwEB/download?path=%2F&files=img5.png
289,37,https://surfdrive.surf.nl/files/index.php/s/wLczlcFRVucdwEB/download?path=%2F&files=img11.png
290,37,https://surfdrive.surf.nl/files/index.php/s/wLczlcFRVucdwEB/download?path=%2F&files=img14.png
291,37,https://surfdrive.surf.nl/files/index.php/s/wLczlcFRVucdwEB/download?path=%2F&files=img8.png
292,37,https://surfdrive.surf.nl/files/index.php/s/wLczlcFRVucdwEB/download?path=%2F&files=img14.png
293,37,https://surfdrive.surf.nl/files/index.php/s/wLczlcFRVucdwEB/download?path=%2F&files=img14.png
294,37,https://surfdrive.surf.nl/files/index.php/s/wLczlcFRVucdwEB/download?path=%2F&files=img9.png
295,37,https://surfdrive.surf.nl/files/index.php/s/wLczlcFRVucdwEB/download?path=%2F&files=img7.png
296,37,https://surfdrive.surf.nl/files/index.php/s/wLczlcFRVucdwEB/download?path=%2F&files=img10.png
297,38,https://surfdrive.surf.nl/files/index.php/s/wLczlcFRVucdwEB/download?path=%2F&files=img2.png
298,38,https://surfdrive.surf.nl/files/index.php/s/wLczlcFRVucdwEB/download?path=%2F&files=img12.png
299,38,https://surfdrive.surf.nl/files/index.php/s/wLczlcFRVucdwEB/download?path=%2F&files=img7.png
300,38,https://surfdrive.surf.nl/files/index.php/s/wLczlcFRVucdwEB/download?path=%2F&files=img4.png
301,38,https://surfdrive.surf.nl/files/index.php/s/wLczlcFRVucdwEB/download?path=%2F&files=img11.png
302,38,https://surfdrive.surf.nl/files/index.php/s/wLczlcFRVucdwEB/download?path=%2F&files=img5.png
303,38,https://surfdrive.surf.nl/files/index.php/s/wLczlcFRVucdwEB/download?path=%2F&files=img9.png
304,38,https://surfdrive.surf.nl/files/index.php/s/wLczlcFRVucdwEB/download?path=%2F&files=img1.png
305,39,https://surfdrive.surf.nl/files/index.php/s/wLczlcFRVucdwEB/download?path=%2F&files=img10.png
306,39,https://surfdrive.surf.nl/files/index.php/s/wLczlcFRVucdwEB/download?path=%2F&files=img2.png
307,39,https://surfdrive.surf.nl/files/index.php/s/wLczlcFRVucdwEB/download?path=%2F&files=img8.png
308,39,https://surfdrive.surf.nl/files/index.php/s/wLczlcFRVucdwEB/download?path=%2F&files=img11.png
309,39,https://surfdrive.surf.nl/files/index.php/s/wLczlcFRVucdwEB/download?path=%2F&files=img9.png
310,39,https://surfdrive.surf.nl/files/index.php/s/wLczlcFRVucdwEB/download?path=%2F&files=img8.png
311,39,https://surfdrive.surf.nl/files/index.php/s/wLczlcFRVucdwEB/download?path=%2F&files=img6.png
312,39,https://surfdrive.surf.nl/files/index.php/s/wLczlcFRVucdwEB/download?path=%2F&files=img6.png
313,40,https://surfdrive.surf.nl/files/index.php/s/wLczlcFRVucdwEB/download?path=%2F&files=img11.png
314,40,https://surfdrive.surf.nl/files/index.php/s/wLczlcFRVucdwEB/download?path=%2F&files=img13.png
315,40,https://surfdrive.surf.nl/files/index.php/s/wLczlcFRVucdwEB/download?path=%2F&files=img4.png
316,40,https://surfdrive.surf.nl/files/index.php/s/wLczlcFRVucdwEB/download?path=%2F&files=img14.png
317,40,https://surfdrive.surf.nl/files/index.php/s/wLczlcFRVucdwEB/download?path=%2F&files=img1.png
318,40,https://surfdrive.surf.nl/files/index.php/s/wLczlcFRVucdwEB/download?path=%2F&files=img2.png
319,40,https://surfdrive.surf.nl/files/index.php/s/wLczlcFRVucdwEB/download?path=%2F&files=img2.png
320,40,https://surfdrive.surf.nl/files/index.php/s/wLczlcFRVucdwEB/download?path=%2F&files=img9.png
321,41,https://surfdrive.surf.nl/files/index.php/s/wLczlcFRVucdwEB/download?path=%2F&files=img3.png
322,41,https://surfdrive.surf.nl/files/index.php/s/wLczlcFRVucdwEB/download?path=%2F&files=img1.png
323,41,https://surfdrive.surf.nl/files/index.php/s/wLczlcFRVucdwEB/download?path=%2F&files=img3.png
324,41,https://surfdrive.surf.nl/files/index.php/s/wLczlcFRVucdwEB/download?path=%2F&files=img7.png
325,41,https://surfdrive.surf.nl/files/index.php/s/wLczlcFRVucdwEB/download?path=%2F&files=img12.png
326,41,https://surfdrive.surf.nl/files/index.php/s/wLczlcFRVucdwEB/download?path=%2F&files=img13.png
327,41,https://surfdrive.surf.nl/files/index.php/s/wLczlcFRVucdwEB/download?path=%2F&files=img12.png
328,41,https://surfdrive.surf.nl/files/index.php/s/wLczlcFRVucdwEB/download?path=%2F&files=img12.png
329,42,https://surfdrive.surf.nl/files/index.php/s/wLczlcFRVucdwEB/download?path=%2F&files=img10.png
330,42,https://surfdrive.surf.nl/files/index.php/s/wLczlcFRVucdwEB/download?path=%2F&files=img6.png
331,42,https://surfdrive.surf.nl/files/index.php/s/wLczlcFRVucdwEB/download?path=%2F&files=img1.png
332,42,https://surfdrive.surf.nl/files/index.php/s/wLczlcFRVucdwEB/download?path=%2F&files=img1.png
333,42,https://surfdrive.surf.nl/files/index.php/s/wLczlcFRVucdwEB/download?path=%2F&files=img7.png
334,42,https://surfdrive.surf.nl/files/index.php/s/wLczlcFRVucdwEB/download?path=%2F&files=img1.png
335,42,https://surfdrive.surf.nl/files/index.php/s/wLczlcFRVucdwEB/download?path=%2F&files=img10.png
336,42,https://surfdrive.surf.nl/files/index.php/s/wLczlcFRVucdwEB/download?path=%2F&files=img1.png
337,43,https://surfdrive.surf.nl/files/index.php/s/wLczlcFRVucdwEB/download?path=%2F&files=img8.png
338,43,https://surfdrive.surf.nl/files/index.php/s/wLczlcFRVucdwEB/download?path=%2F&files=img2.png
339,43,https://surfdrive.surf.nl/files/index.php/s/wLczlcFRVucdwEB/download?path=%2F&files=img7.png
340,43,https://surfdrive.surf.nl/files/index.php/s/wLczlcFRVucdwEB/download?path=%2F&files=img1.png
341,43,https://surfdrive.surf.nl/files/index.php/s/wLczlcFRVucdwEB/download?path=%2F&files=img13.png
342,43,https://surfdrive.surf.nl/files/index.php/s/wLczlcFRVucdwEB/download?path=%2F&files=img9.png
343,43,https://surfdrive.surf.nl/files/index.php/s/wLczlcFRVucdwEB/download?path=%2F&files=img1.png
344,43,https://surfdrive.surf.nl/files/index.php/s/wLczlcFRVucdwEB/download?path=%2F&files=img8.png
345,44,https://surfdrive.surf.nl/files/index.php/s/wLczlcFRVucdwEB/download?path=%2F&files=img3.png
346,44,https://surfdrive.surf.nl/files/index.php/s/wLczlcFRVucdwEB/download?path=%2F&files=img1.png
347,44,https://surfdrive.surf.nl/files/index.php/s/wLczlcFRVucdwEB/download?path=%2F&files=img9.png
348,44,https://surfdrive.surf.nl/files/index.php/s/wLczlcFRVucdwEB/download?path=%2F&files=img12.png
349,44,https://surfdrive.surf.nl/files/index.php/s/wLczlcFRVucdwEB/download?path=%2F&files=img4.png
350,44,https://surfdrive.surf.nl/files/index.php/s/wLczlcFRVucdwEB/download?path=%2F&files=img8.png
351,44,https://surfdrive.surf.nl/files/index.php/s/wLczlcFRVucdwEB/download?path=%2F&files=img6.png
352,44,https://surfdrive.surf.nl/files/index.php/s/wLczlcFRVucdwEB/download?path=%2F&files=img4.png
353,45,https://surfdrive.surf.nl/files/index.php/s/wLczlcFRVucdwEB/download?path=%2F&files=img13.png
354,45,https://surfdrive.surf.nl/files/index.php/s/wLczlcFRVucdwEB/download?path=%2F&files=img4.png
355,45,https://surfdrive.surf.nl/files/index.php/s/wLczlcFRVucdwEB/download?path=%2F&files=img3.png
356,45,https://surfdrive.surf.nl/files/index.php/s/wLczlcFRVucdwEB/download?path=%2F&files=img13.png
357,45,https://surfdrive.surf.nl/files/index.php/s/wLczlcFRVucdwEB/download?path=%2F&files=img12.png
358,45,https://surfdrive.surf.nl/files/index.php/s/wLczlcFRVucdwEB/download?path=%2F&files=img14.png
359,45,https://surfdrive.surf.nl/files/index.php/s/wLczlcFRVucdwEB/download?path=%2F&files=img4.png
360,45,https://surfdrive.surf.nl/files/index.php/s/wLczlcFRVucdwEB/download?path=%2F&files=img1.png
361,46,https://surfdrive.surf.nl/files/index.php/s/wLczlcFRVucdwEB/download?path=%2F&files=img14.png
362,46,https://surfdrive.surf.nl/files/index.php/s/wLczlcFRVucdwEB/download?path=%2F&files=img7.png
363,46,https://surfdrive.surf.nl/files/index.php/s/wLczlcFRVucdwEB/download?path=%2F&files=img9.png
364,46,https://surfdrive.surf.nl/files/index.php/s/wLczlcFRVucdwEB/download?path=%2F&files=img7.png
365,46,https://surfdrive.surf.nl/files/index.php/s/wLczlcFRVucdwEB/download?path=%2F&files=img3.png
366,46,https://surfdrive.surf.nl/files/index.php/s/wLczlcFRVucdwEB/download?path=%2F&files=img12.png
367,46,https://surfdrive.surf.nl/files/index.php/s/wLczlcFRVucdwEB/download?path=%2F&files=img1.png
368,46,https://surfdrive.surf.nl/files/index.php/s/wLczlcFRVucdwEB/download?path=%2F&files=img13.png
369,47,https://surfdrive.surf.nl/files/index.php/s/wLczlcFRVucdwEB/download?path=%2F&files=img10.png
370,47,https://surfdrive.surf.nl/files/index.php/s/wLczlcFRVucdwEB/download?path=%2F&files=img2.png
371,47,https://surfdrive.surf.nl/files/index.php/s/wLczlcFRVucdwEB/download?path=%2F&files=img1.png
372,47,https://surfdrive.surf.nl/files/index.php/s/wLczlcFRVucdwEB/download?path=%2F&files=img1.png
373,47,https://surfdrive.surf.nl/files/index.php/s/wLczlcFRVucdwEB/download?path=%2F&files=img6.png
374,47,https://surfdrive.surf.nl/files/index.php/s/wLczlcFRVucdwEB/download?path=%2F&files=img8.png
375,47,https://surfdrive.surf.nl/files/index.php/s/wLczlcFRVucdwEB/download?path=%2F&files=img2.png
376,47,https://surfdrive.surf.nl/files/index.php/s/wLczlcFRVucdwEB/download?path=%2F&files=img6.png
377,48,https://surfdrive.surf.nl/files/index.php/s/wLczlcFRVucdwEB/download?path=%2F&files=img8.png
378,48,https://surfdrive.surf.nl/files/index.php/s/wLczlcFRVucdwEB/download?path=%2F&files=img1.png
379,48,https://surfdrive.surf.nl/files/index.php/s/wLczlcFRVucdwEB/download?path=%2F&files=img2.png
380,48,https://surfdrive.surf.nl/files/index.php/s/wLczlcFRVucdwEB/download?path=%2F&files=img4.png
381,48,https://surfdrive.surf.nl/files/index.php/s/wLczlcFRVucdwEB/download?path=%2F&files=img3.png
382,48,https://surfdrive.surf.nl/files/index.php/s/wLczlcFRVucdwEB/download?path=%2F&files=img7.png
383,48,https://surfdrive.surf.nl/files/index.php/s/wLczlcFRVucdwEB/download?path=%2F&files=img3.png
384,48,https://surfdrive.surf.nl/files/index.php/s/wLczlcFRVucdwEB/download?path=%2F&files=img10.png
385,49,https://surfdrive.surf.nl/files/index.php/s/wLczlcFRVucdwEB/download?path=%2F&files=img4.png
386,49,https://surfdrive.surf.nl/files/index.php/s/wLczlcFRVucdwEB/download?path=%2F&files=img2.png
387,49,https://surfdrive.surf.nl/files/index.php/s/wLczlcFRVucdwEB/download?path=%2F&files=img5.png
388,49,https://surfdrive.surf.nl/files/index.php/s/wLczlcFRVucdwEB/download?path=%2F&files=img14.png
389,49,https://surfdrive.surf.nl/files/index.php/s/wLczlcFRVucdwEB/download?path=%2F&files=img9.png
390,49,https://surfdrive.surf.nl/files/index.php/s/wLczlcFRVucdwEB/download?path=%2F&files=img3.png
391,49,https://surfdrive.surf.nl/files/index.php/s/wLczlcFRVucdwEB/download?path=%2F&files=img5.png
392,49,https://surfdrive.surf.nl/files/index.php/s/wLczlcFRVucdwEB/download?path=%2F&files=img14.png
393,50,https://surfdrive.surf.nl/files/index.php/s/wLczlcFRVucdwEB/download?path=%2F&files=img3.png
394,50,https://surfdrive.surf.nl/files/index.php/s/wLczlcFRVucdwEB/download?path=%2F&files=img7.png
395,50,https://surfdrive.surf.nl/files/index.php/s/wLczlcFRVucdwEB/download?path=%2F&files=img13.png
396,50,https://surfdrive.surf.nl/files/index.php/s/wLczlcFRVucdwEB/download?path=%2F&files=img4.png
397,50,https://surfdrive.surf.nl/files/index.php/s/wLczlcFRVucdwEB/download?path=%2F&files=img6.png
398,50,https://surfdrive.surf.nl/files/index.php/s/wLczlcFRVucdwEB/download?path=%2F&files=img5.png
399,50,https://surfdrive.surf.nl/files/index.php/s/wLczlcFRVucdwEB/download?path=%2F&files=img4.png
400,50,https://surfdrive.surf.nl/files/index.php/s/wLczlcFRVucdwEB/download?path=%2F&files=img1.png
401,51,https://surfdrive.surf.nl/files/index.php/s/wLczlcFRVucdwEB/download?path=%2F&files=img12.png
402,51,https://surfdrive.surf.nl/files/index.php/s/wLczlcFRVucdwEB/download?path=%2F&files=img3.png
403,51,https://surfdrive.surf.nl/files/index.php/s/wLczlcFRVucdwEB/download?path=%2F&files=img1.png
404,51,https://surfdrive.surf.nl/files/index.php/s/wLczlcFRVucdwEB/download?path=%2F&files=img6.png
405,51,https://surfdrive.surf.nl/files/index.php/s/wLczlcFRVucdwEB/download?path=%2F&files=img1.png
406,51,https://surfdrive.surf.nl/files/index.php/s/wLczlcFRVucdwEB/download?path=%2F&files=img3.png
407,51,https://surfdrive.surf.nl/files/index.php/s/wLczlcFRVucdwEB/download?path=%2F&files=img13.png
408,51,https://surfdrive.surf.nl/files/index.php/s/wLczlcFRVucdwEB/download?path=%2F&files=img5.png
409,52,https://surfdrive.surf.nl/files/index.php/s/wLczlcFRVucdwEB/download?path=%2F&files=img1.png
410,52,https://surfdrive.surf.nl/files/index.php/s/wLczlcFRVucdwEB/download?path=%2F&files=img10.png
411,52,https://surfdrive.surf.nl/files/index.php/s/wLczlcFRVucdwEB/download?path=%2F&files=img12.png
412,52,https://surfdrive.surf.nl/files/index.php/s/wLczlcFRVucdwEB/download?path=%2F&files=img12.png
413,52,https://surfdrive.surf.nl/files/index.php/s/wLczlcFRVucdwEB/download?path=%2F&files=img3.png
414,52,https://surfdrive.surf.nl/files/index.php/s/wLczlcFRVucdwEB/download?path=%2F&files=img7.png
415,52,https://surfdrive.surf.nl/files/index.php/s/wLczlcFRVucdwEB/download?path=%2F&files=img2.png
416,52,https://surfdrive.surf.nl/files/index.php/s/wLczlcFRVucdwEB/download?path=%2F&files=img4.png
417,53,https://surfdrive.surf.nl/files/index.php/s/wLczlcFRVucdwEB/download?path=%2F&files=img5.png
418,53,https://surfdrive.surf.nl/files/index.php/s/wLczlcFRVucdwEB/download?path=%2F&files=img13.png
419,53,https://surfdrive.surf.nl/files/index.php/s/wLczlcFRVucdwEB/download?path=%2F&files=img6.png
420,53,https://surfdrive.surf.nl/files/index.php/s/wLczlcFRVucdwEB/download?path=%2F&files=img12.png
421,53,https://surfdrive.surf.nl/files/index.php/s/wLczlcFRVucdwEB/download?path=%2F&files=img2.png
422,53,https://surfdrive.surf.nl/files/index.php/s/wLczlcFRVucdwEB/download?path=%2F&files=img8.png
423,53,https://surfdrive.surf.nl/files/index.php/s/wLczlcFRVucdwEB/download?path=%2F&files=img10.png
424,53,https://surfdrive.surf.nl/files/index.php/s/wLczlcFRVucdwEB/download?path=%2F&files=img10.png
425,54,https://surfdrive.surf.nl/files/index.php/s/wLczlcFRVucdwEB/download?path=%2F&files=img2.png
426,54,https://surfdrive.surf.nl/files/index.php/s/wLczlcFRVucdwEB/download?path=%2F&files=img9.png
427,54,https://surfdrive.surf.nl/files/index.php/s/wLczlcFRVucdwEB/download?path=%2F&files=img8.png
428,54,https://surfdrive.surf.nl/files/index.php/s/wLczlcFRVucdwEB/download?path=%2F&files=img11.png
429,54,https://surfdrive.surf.nl/files/index.php/s/wLczlcFRVucdwEB/download?path=%2F&files=img5.png
430,54,https://surfdrive.surf.nl/files/index.php/s/wLczlcFRVucdwEB/download?path=%2F&files=img6.png
431,54,https://surfdrive.surf.nl/files/index.php/s/wLczlcFRVucdwEB/download?path=%2F&files=img9.png
432,54,https://surfdrive.surf.nl/files/index.php/s/wLczlcFRVucdwEB/download?path=%2F&files=img2.png
433,55,https://surfdrive.surf.nl/files/index.php/s/wLczlcFRVucdwEB/download?path=%2F&files=img5.png
434,55,https://surfdrive.surf.nl/files/index.php/s/wLczlcFRVucdwEB/download?path=%2F&files=img11.png
435,55,https://surfdrive.surf.nl/files/index.php/s/wLczlcFRVucdwEB/download?path=%2F&files=img1.png
436,55,https://surfdrive.surf.nl/files/index.php/s/wLczlcFRVucdwEB/download?path=%2F&files=img4.png
437,55,https://surfdrive.surf.nl/files/index.php/s/wLczlcFRVucdwEB/download?path=%2F&files=img7.png
438,55,https://surfdrive.surf.nl/files/index.php/s/wLczlcFRVucdwEB/download?path=%2F&files=img2.png
439,55,https://surfdrive.surf.nl/files/index.php/s/wLczlcFRVucdwEB/download?path=%2F&files=img11.png
440,55,https://surfdrive.surf.nl/files/index.php/s/wLczlcFRVucdwEB/download?path=%2F&files=img2.png
441,56,https://surfdrive.surf.nl/files/index.php/s/wLczlcFRVucdwEB/download?path=%2F&files=img11.png
442,56,https://surfdrive.surf.nl/files/index.php/s/wLczlcFRVucdwEB/download?path=%2F&files=img14.png
443,56,https://surfdrive.surf.nl/files/index.php/s/wLczlcFRVucdwEB/download?path=%2F&files=img6.png
444,56,https://surfdrive.surf.nl/files/index.php/s/wLczlcFRVucdwEB/download?path=%2F&files=img4.png
445,56,https://surfdrive.surf.nl/files/index.php/s/wLczlcFRVucdwEB/download?path=%2F&files=img13.png
446,56,https://surfdrive.surf.nl/files/index.php/s/wLczlcFRVucdwEB/download?path=%2F&files=img3.png
447,56,https://surfdrive.surf.nl/files/index.php/s/wLczlcFRVucdwEB/download?path=%2F&files=img13.png
448,56,https://surfdrive.surf.nl/files/index.php/s/wLczlcFRVucdwEB/download?path=%2F&files=img5.png
449,57,https://surfdrive.surf.nl/files/index.php/s/wLczlcFRVucdwEB/download?path=%2F&files=img8.png
450,57,https://surfdrive.surf.nl/files/index.php/s/wLczlcFRVucdwEB/download?path=%2F&files=img6.png
451,57,https://surfdrive.surf.nl/files/index.php/s/wLczlcFRVucdwEB/download?path=%2F&files=img2.png
452,57,https://surfdrive.surf.nl/files/index.php/s/wLczlcFRVucdwEB/download?path=%2F&files=img11.png
453,57,https://surfdrive.surf.nl/files/index.php/s/wLczlcFRVucdwEB/download?path=%2F&files=img12.png
454,57,https://surfdrive.surf.nl/files/index.php/s/wLczlcFRVucdwEB/download?path=%2F&files=img10.png
455,57,https://surfdrive.surf.nl/files/index.php/s/wLczlcFRVucdwEB/download?path=%2F&files=img2.png
456,57,https://surfdrive.surf.nl/files/index.php/s/wLczlcFRVucdwEB/download?path=%2F&files=img12.png
457,58,https://surfdrive.surf.nl/files/index.php/s/wLczlcFRVucdwEB/download?path=%2F&files=img2.png
458,58,https://surfdrive.surf.nl/files/index.php/s/wLczlcFRVucdwEB/download?path=%2F&files=img1.png
459,58,https://surfdrive.surf.nl/files/index.php/s/wLczlcFRVucdwEB/download?path=%2F&files=img10.png
460,58,https://surfdrive.surf.nl/files/index.php/s/wLczlcFRVucdwEB/download?path=%2F&files=img6.png
461,58,https://surfdrive.surf.nl/files/index.php/s/wLczlcFRVucdwEB/download?path=%2F&files=img11.png
462,58,https://surfdrive.surf.nl/files/index.php/s/wLczlcFRVucdwEB/download?path=%2F&files=img1.png
463,58,https://surfdrive.surf.nl/files/index.php/s/wLczlcFRVucdwEB/download?path=%2F&files=img12.png
464,58,https://surfdrive.surf.nl/files/index.php/s/wLczlcFRVucdwEB/download?path=%2F&files=img6.png
465,59,https://surfdrive.surf.nl/files/index.php/s/wLczlcFRVucdwEB/download?path=%2F&files=img2.png
466,59,https://surfdrive.surf.nl/files/index.php/s/wLczlcFRVucdwEB/download?path=%2F&files=img13.png
467,59,https://surfdrive.surf.nl/files/index.php/s/wLczlcFRVucdwEB/download?path=%2F&files=img13.png
468,59,https://surfdrive.surf.nl/files/index.php/s/wLczlcFRVucdwEB/download?path=%2F&files=img8.png
469,59,https://surfdrive.surf.nl/files/index.php/s/wLczlcFRVucdwEB/download?path=%2F&files=img8.png
470,59,https://surfdrive.surf.nl/files/index.php/s/wLczlcFRVucdwEB/download?path=%2F&files=img11.png
471,59,https://surfdrive.surf.nl/files/index.php/s/wLczlcFRVucdwEB/download?path=%2F&files=img3.png
472,59,https://surfdrive.surf.nl/files/index.php/s/wLczlcFRVucdwEB/download?path=%2F&files=img2.png
473,60,https://surfdrive.surf.nl/files/index.php/s/wLczlcFRVucdwEB/download?path=%2F&files=img10.png
474,60,https://surfdrive.surf.nl/files/index.php/s/wLczlcFRVucdwEB/download?path=%2F&files=img14.png
475,60,https://surfdrive.surf.nl/files/index.php/s/wLczlcFRVucdwEB/download?path=%2F&files=img4.png
476,60,https://surfdrive.surf.nl/files/index.php/s/wLczlcFRVucdwEB/download?path=%2F&files=img3.png
477,60,https://surfdrive.surf.nl/files/index.php/s/wLczlcFRVucdwEB/download?path=%2F&files=img8.png
478,60,https://surfdrive.surf.nl/files/index.php/s/wLczlcFRVucdwEB/download?path=%2F&files=img2.png
479,60,https://surfdrive.surf.nl/files/index.php/s/wLczlcFRVucdwEB/download?path=%2F&files=img6.png
480,60,https://surfdrive.surf.nl/files/index.php/s/wLczlcFRVucdwEB/download?path=%2F&files=img2.png
481,61,https://surfdrive.surf.nl/files/index.php/s/wLczlcFRVucdwEB/download?path=%2F&files=img12.png
482,61,https://surfdrive.surf.nl/files/index.php/s/wLczlcFRVucdwEB/download?path=%2F&files=img7.png
483,61,https://surfdrive.surf.nl/files/index.php/s/wLczlcFRVucdwEB/download?path=%2F&files=img5.png
484,61,https://surfdrive.surf.nl/files/index.php/s/wLczlcFRVucdwEB/download?path=%2F&files=img3.png
485,61,https://surfdrive.surf.nl/files/index.php/s/wLczlcFRVucdwEB/download?path=%2F&files=img11.png
486,61,https://surfdrive.surf.nl/files/index.php/s/wLczlcFRVucdwEB/download?path=%2F&files=img5.png
487,61,https://surfdrive.surf.nl/files/index.php/s/wLczlcFRVucdwEB/download?path=%2F&files=img3.png
488,61,https://surfdrive.surf.nl/files/index.php/s/wLczlcFRVucdwEB/download?path=%2F&files=img10.png
489,62,https://surfdrive.surf.nl/files/index.php/s/wLczlcFRVucdwEB/download?path=%2F&files=img14.png
490,62,https://surfdrive.surf.nl/files/index.php/s/wLczlcFRVucdwEB/download?path=%2F&files=img14.png
491,62,https://surfdrive.surf.nl/files/index.php/s/wLczlcFRVucdwEB/download?path=%2F&files=img6.png
492,62,https://surfdrive.surf.nl/files/index.php/s/wLczlcFRVucdwEB/download?path=%2F&files=img4.png
493,62,https://surfdrive.surf.nl/files/index.php/s/wLczlcFRVucdwEB/download?path=%2F&files=img9.png
494,62,https://surfdrive.surf.nl/files/index.php/s/wLczlcFRVucdwEB/download?path=%2F&files=img6.png
495,62,https://surfdrive.surf.nl/files/index.php/s/wLczlcFRVucdwEB/download?path=%2F&files=img7.png
496,62,https://surfdrive.surf.nl/files/index.php/s/wLczlcFRVucdwEB/download?path=%2F&files=img13.png
497,63,https://surfdrive.surf.nl/files/index.php/s/wLczlcFRVucdwEB/download?path=%2F&files=img2.png
498,63,https://surfdrive.surf.nl/files/index.php/s/wLczlcFRVucdwEB/download?path=%2F&files=img9.png
499,63,https://surfdrive.surf.nl/files/index.php/s/wLczlcFRVucdwEB/download?path=%2F&files=img10.png
500,63,https://surfdrive.surf.nl/files/index.php/s/wLczlcFRVucdwEB/download?path=%2F&files=img1.png
501,63,https://surfdrive.surf.nl/files/index.php/s/wLczlcFRVucdwEB/download?path=%2F&files=img11.png
502,63,https://surfdrive.surf.nl/files/index.php/s/wLczlcFRVucdwEB/download?path=%2F&files=img2.png
503,63,https://surfdrive.surf.nl/files/index.php/s/wLczlcFRVucdwEB/download?path=%2F&files=img12.png
504,63,https://surfdrive.surf.nl/files/index.php/s/wLczlcFRVucdwEB/download?path=%2F&files=img1.png
505,64,https://surfdrive.surf.nl/files/index.php/s/wLczlcFRVucdwEB/download?path=%2F&files=img4.png
506,64,https://surfdrive.surf.nl/files/index.php/s/wLczlcFRVucdwEB/download?path=%2F&files=img11.png
507,64,https://surfdrive.surf.nl/files/index.php/s/wLczlcFRVucdwEB/download?path=%2F&files=img5.png
508,64,https://surfdrive.surf.nl/files/index.php/s/wLczlcFRVucdwEB/download?path=%2F&files=img6.png
509,64,https://surfdrive.surf.nl/files/index.php/s/wLczlcFRVucdwEB/download?path=%2F&files=img9.png
510,64,https://surfdrive.surf.nl/files/index.php/s/wLczlcFRVucdwEB/download?path=%2F&files=img13.png
511,64,https://surfdrive.surf.nl/files/index.php/s/wLczlcFRVucdwEB/download?path=%2F&files=img5.png
512,64,https://surfdrive.surf.nl/files/index.php/s/wLczlcFRVucdwEB/download?path=%2F&files=img10.png
513,65,https://surfdrive.surf.nl/files/index.php/s/wLczlcFRVucdwEB/download?path=%2F&files=img12.png
514,65,https://surfdrive.surf.nl/files/index.php/s/wLczlcFRVucdwEB/download?path=%2F&files=img7.png
515,65,https://surfdrive.surf.nl/files/index.php/s/wLczlcFRVucdwEB/download?path=%2F&files=img13.png
516,65,https://surfdrive.surf.nl/files/index.php/s/wLczlcFRVucdwEB/download?path=%2F&files=img11.png
517,65,https://surfdrive.surf.nl/files/index.php/s/wLczlcFRVucdwEB/download?path=%2F&files=img2.png
518,65,https://surfdrive.surf.nl/files/index.php/s/wLczlcFRVucdwEB/download?path=%2F&files=img10.png
519,65,https://surfdrive.surf.nl/files/index.php/s/wLczlcFRVucdwEB/download?path=%2F&files=img6.png
520,65,https://surfdrive.surf.nl/files/index.php/s/wLczlcFRVucdwEB/download?path=%2F&files=img6.png
521,66,https://surfdrive.surf.nl/files/index.php/s/wLczlcFRVucdwEB/download?path=%2F&files=img4.png
522,66,https://surfdrive.surf.nl/files/index.php/s/wLczlcFRVucdwEB/download?path=%2F&files=img6.png
523,66,https://surfdrive.surf.nl/files/index.php/s/wLczlcFRVucdwEB/download?path=%2F&files=img2.png
524,66,https://surfdrive.surf.nl/files/index.php/s/wLczlcFRVucdwEB/download?path=%2F&files=img6.png
525,66,https://surfdrive.surf.nl/files/index.php/s/wLczlcFRVucdwEB/download?path=%2F&files=img5.png
526,66,https://surfdrive.surf.nl/files/index.php/s/wLczlcFRVucdwEB/download?path=%2F&files=img2.png
527,66,https://surfdrive.surf.nl/files/index.php/s/wLczlcFRVucdwEB/download?path=%2F&files=img6.png
528,66,https://surfdrive.surf.nl/files/index.php/s/wLczlcFRVucdwEB/download?path=%2F&files=img6.png
529,67,https://surfdrive.surf.nl/files/index.php/s/wLczlcFRVucdwEB/download?path=%2F&files=img2.png
530,67,https://surfdrive.surf.nl/files/index.php/s/wLczlcFRVucdwEB/download?path=%2F&files=img7.png
531,67,https://surfdrive.surf.nl/files/index.php/s/wLczlcFRVucdwEB/download?path=%2F&files=img8.png
532,67,https://surfdrive.surf.nl/files/index.php/s/wLczlcFRVucdwEB/download?path=%2F&files=img6.png
533,67,https://surfdrive.surf.nl/files/index.php/s/wLczlcFRVucdwEB/download?path=%2F&files=img4.png
534,67,https://surfdrive.surf.nl/files/index.php/s/wLczlcFRVucdwEB/download?path=%2F&files=img14.png
535,67,https://surfdrive.surf.nl/files/index.php/s/wLczlcFRVucdwEB/download?path=%2F&files=img2.png
536,67,https://surfdrive.surf.nl/files/index.php/s/wLczlcFRVucdwEB/download?path=%2F&files=img10.png
537,68,https://surfdrive.surf.nl/files/index.php/s/wLczlcFRVucdwEB/download?path=%2F&files=img3.png
538,68,https://surfdrive.surf.nl/files/index.php/s/wLczlcFRVucdwEB/download?path=%2F&files=img8.png
539,68,https://surfdrive.surf.nl/files/index.php/s/wLczlcFRVucdwEB/download?path=%2F&files=img6.png
540,68,https://surfdrive.surf.nl/files/index.php/s/wLczlcFRVucdwEB/download?path=%2F&files=img3.png
541,68,https://surfdrive.surf.nl/files/index.php/s/wLczlcFRVucdwEB/download?path=%2F&files=img1.png
542,68,https://surfdrive.surf.nl/files/index.php/s/wLczlcFRVucdwEB/download?path=%2F&files=img5.png
543,68,https://surfdrive.surf.nl/files/index.php/s/wLczlcFRVucdwEB/download?path=%2F&files=img7.png
544,68,https://surfdrive.surf.nl/files/index.php/s/wLczlcFRVucdwEB/download?path=%2F&files=img5.png
545,69,https://surfdrive.surf.nl/files/index.php/s/wLczlcFRVucdwEB/download?path=%2F&files=img9.png
546,69,https://surfdrive.surf.nl/files/index.php/s/wLczlcFRVucdwEB/download?path=%2F&files=img14.png
547,69,https://surfdrive.surf.nl/files/index.php/s/wLczlcFRVucdwEB/download?path=%2F&files=img13.png
548,69,https://surfdrive.surf.nl/files/index.php/s/wLczlcFRVucdwEB/download?path=%2F&files=img9.png
549,69,https://surfdrive.surf.nl/files/index.php/s/wLczlcFRVucdwEB/download?path=%2F&files=img9.png
550,69,https://surfdrive.surf.nl/files/index.php/s/wLczlcFRVucdwEB/download?path=%2F&files=img8.png
551,69,https://surfdrive.surf.nl/files/index.php/s/wLczlcFRVucdwEB/download?path=%2F&files=img5.png
552,69,https://surfdrive.surf.nl/files/index.php/s/wLczlcFRVucdwEB/download?path=%2F&files=img5.png
553,70,https://surfdrive.surf.nl/files/index.php/s/wLczlcFRVucdwEB/download?path=%2F&files=img2.png
554,70,https://surfdrive.surf.nl/files/index.php/s/wLczlcFRVucdwEB/download?path=%2F&files=img2.png
555,70,https://surfdrive.surf.nl/files/index.php/s/wLczlcFRVucdwEB/download?path=%2F&files=img13.png
556,70,https://surfdrive.surf.nl/files/index.php/s/wLczlcFRVucdwEB/download?path=%2F&files=img6.png
557,70,https://surfdrive.surf.nl/files/index.php/s/wLczlcFRVucdwEB/download?path=%2F&files=img12.png
558,70,https://surfdrive.surf.nl/files/index.php/s/wLczlcFRVucdwEB/download?path=%2F&files=img2.png
559,70,https://surfdrive.surf.nl/files/index.php/s/wLczlcFRVucdwEB/download?path=%2F&files=img5.png
560,70,https://surfdrive.surf.nl/files/index.php/s/wLczlcFRVucdwEB/download?path=%2F&files=img9.png
561,71,https://surfdrive.surf.nl/files/index.php/s/wLczlcFRVucdwEB/download?path=%2F&files=img3.png
562,71,https://surfdrive.surf.nl/files/index.php/s/wLczlcFRVucdwEB/download?path=%2F&files=img4.png
563,71,https://surfdrive.surf.nl/files/index.php/s/wLczlcFRVucdwEB/download?path=%2F&files=img11.png
564,71,https://surfdrive.surf.nl/files/index.php/s/wLczlcFRVucdwEB/download?path=%2F&files=img13.png
565,71,https://surfdrive.surf.nl/files/index.php/s/wLczlcFRVucdwEB/download?path=%2F&files=img11.png
566,71,https://surfdrive.surf.nl/files/index.php/s/wLczlcFRVucdwEB/download?path=%2F&files=img14.png
567,71,https://surfdrive.surf.nl/files/index.php/s/wLczlcFRVucdwEB/download?path=%2F&files=img8.png
568,71,https://surfdrive.surf.nl/files/index.php/s/wLczlcFRVucdwEB/download?path=%2F&files=img11.png
569,72,https://surfdrive.surf.nl/files/index.php/s/wLczlcFRVucdwEB/download?path=%2F&files=img3.png
570,72,https://surfdrive.surf.nl/files/index.php/s/wLczlcFRVucdwEB/download?path=%2F&files=img2.png
571,72,https://surfdrive.surf.nl/files/index.php/s/wLczlcFRVucdwEB/download?path=%2F&files=img7.png
572,72,https://surfdrive.surf.nl/files/index.php/s/wLczlcFRVucdwEB/download?path=%2F&files=img2.png
573,72,https://surfdrive.surf.nl/files/index.php/s/wLczlcFRVucdwEB/download?path=%2F&files=img4.png
574,72,https://surfdrive.surf.nl/files/index.php/s/wLczlcFRVucdwEB/download?path=%2F&files=img11.png
575,72,https://surfdrive.surf.nl/files/index.php/s/wLczlcFRVucdwEB/download?path=%2F&files=img3.png
576,72,https://surfdrive.surf.nl/files/index.php/s/wLczlcFRVucdwEB/download?path=%2F&files=img9.png
577,73,https://surfdrive.surf.nl/files/index.php/s/wLczlcFRVucdwEB/download?path=%2F&files=img11.png
578,73,https://surfdrive.surf.nl/files/index.php/s/wLczlcFRVucdwEB/download?path=%2F&files=img10.png
579,73,https://surfdrive.surf.nl/files/index.php/s/wLczlcFRVucdwEB/download?path=%2F&files=img3.png
580,73,https://surfdrive.surf.nl/files/index.php/s/wLczlcFRVucdwEB/download?path=%2F&files=img5.png
581,73,https://surfdrive.surf.nl/files/index.php/s/wLczlcFRVucdwEB/download?path=%2F&files=img11.png
582,73,https://surfdrive.surf.nl/files/index.php/s/wLczlcFRVucdwEB/download?path=%2F&files=img9.png
583,73,https://surfdrive.surf.nl/files/index.php/s/wLczlcFRVucdwEB/download?path=%2F&files=img10.png
584,73,https://surfdrive.surf.nl/files/index.php/s/wLczlcFRVucdwEB/download?path=%2F&files=img4.png
585,74,https://surfdrive.surf.nl/files/index.php/s/wLczlcFRVucdwEB/download?path=%2F&files=img6.png
586,74,https://surfdrive.surf.nl/files/index.php/s/wLczlcFRVucdwEB/download?path=%2F&files=img10.png
587,74,https://surfdrive.surf.nl/files/index.php/s/wLczlcFRVucdwEB/download?path=%2F&files=img2.png
588,74,https://surfdrive.surf.nl/files/index.php/s/wLczlcFRVucdwEB/download?path=%2F&files=img9.png
589,74,https://surfdrive.surf.nl/files/index.php/s/wLczlcFRVucdwEB/download?path=%2F&files=img12.png
590,74,https://surfdrive.surf.nl/files/index.php/s/wLczlcFRVucdwEB/download?path=%2F&files=img8.png
591,74,https://surfdrive.surf.nl/files/index.php/s/wLczlcFRVucdwEB/download?path=%2F&files=img7.png
592,74,https://surfdrive.surf.nl/files/index.php/s/wLczlcFRVucdwEB/download?path=%2F&files=img8.png
593,75,https://surfdrive.surf.nl/files/index.php/s/wLczlcFRVucdwEB/download?path=%2F&files=img3.png
594,75,https://surfdrive.surf.nl/files/index.php/s/wLczlcFRVucdwEB/download?path=%2F&files=img4.png
595,75,https://surfdrive.surf.nl/files/index.php/s/wLczlcFRVucdwEB/download?path=%2F&files=img2.png
596,75,https://surfdrive.surf.nl/files/index.php/s/wLczlcFRVucdwEB/download?path=%2F&files=img5.png
597,75,https://surfdrive.surf.nl/files/index.php/s/wLczlcFRVucdwEB/download?path=%2F&files=img4.png
598,75,https://surfdrive.surf.nl/files/index.php/s/wLczlcFRVucdwEB/download?path=%2F&files=img12.png
599,75,https://surfdrive.surf.nl/files/index.php/s/wLczlcFRVucdwEB/download?path=%2F&files=img7.png
600,75,https://surfdrive.surf.nl/files/index.php/s/wLczlcFRVucdwEB/download?path=%2F&files=img10.png
601,76,https://surfdrive.surf.nl/files/index.php/s/wLczlcFRVucdwEB/download?path=%2F&files=img3.png
602,76,https://surfdrive.surf.nl/files/index.php/s/wLczlcFRVucdwEB/download?path=%2F&files=img9.png
603,76,https://surfdrive.surf.nl/files/index.php/s/wLczlcFRVucdwEB/download?path=%2F&files=img12.png
604,76,https://surfdrive.surf.nl/files/index.php/s/wLczlcFRVucdwEB/download?path=%2F&files=img1.png
605,76,https://surfdrive.surf.nl/files/index.php/s/wLczlcFRVucdwEB/download?path=%2F&files=img1.png
606,76,https://surfdrive.surf.nl/files/index.php/s/wLczlcFRVucdwEB/download?path=%2F&files=img10.png
607,76,https://surfdrive.surf.nl/files/index.php/s/wLczlcFRVucdwEB/download?path=%2F&files=img2.png
608,76,https://surfdrive.surf.nl/files/index.php/s/wLczlcFRVucdwEB/download?path=%2F&files=img12.png
609,77,https://surfdrive.surf.nl/files/index.php/s/wLczlcFRVucdwEB/download?path=%2F&files=img11.png
610,77,https://surfdrive.surf.nl/files/index.php/s/wLczlcFRVucdwEB/download?path=%2F&files=img14.png
611,77,https://surfdrive.surf.nl/files/index.php/s/wLczlcFRVucdwEB/download?path=%2F&files=img8.png
612,77,https://surfdrive.surf.nl/files/index.php/s/wLczlcFRVucdwEB/download?path=%2F&files=img5.png
613,77,https://surfdrive.surf.nl/files/index.php/s/wLczlcFRVucdwEB/download?path=%2F&files=img11.png
614,77,https://surfdrive.surf.nl/files/index.php/s/wLczlcFRVucdwEB/download?path=%2F&files=img12.png
615,77,https://surfdrive.surf.nl/files/index.php/s/wLczlcFRVucdwEB/download?path=%2F&files=img4.png
616,77,https://surfdrive.surf.nl/files/index.php/s/wLczlcFRVucdwEB/download?path=%2F&files=img1.png
617,78,https://surfdrive.surf.nl/files/index.php/s/wLczlcFRVucdwEB/download?path=%2F&files=img6.png
618,78,https://surfdrive.surf.nl/files/index.php/s/wLczlcFRVucdwEB/download?path=%2F&files=img3.png
619,78,https://surfdrive.surf.nl/files/index.php/s/wLczlcFRVucdwEB/download?path=%2F&files=img13.png
620,78,https://surfdrive.surf.nl/files/index.php/s/wLczlcFRVucdwEB/download?path=%2F&files=img2.png
621,78,https://surfdrive.surf.nl/files/index.php/s/wLczlcFRVucdwEB/download?path=%2F&files=img14.png
622,78,https://surfdrive.surf.nl/files/index.php/s/wLczlcFRVucdwEB/download?path=%2F&files=img1.png
623,78,https://surfdrive.surf.nl/files/index.php/s/wLczlcFRVucdwEB/download?path=%2F&files=img6.png
624,78,https://surfdrive.surf.nl/files/index.php/s/wLczlcFRVucdwEB/download?path=%2F&files=img1.png
625,79,https://surfdrive.surf.nl/files/index.php/s/wLczlcFRVucdwEB/download?path=%2F&files=img6.png
626,79,https://surfdrive.surf.nl/files/index.php/s/wLczlcFRVucdwEB/download?path=%2F&files=img10.png
627,79,https://surfdrive.surf.nl/files/index.php/s/wLczlcFRVucdwEB/download?path=%2F&files=img12.png
628,79,https://surfdrive.surf.nl/files/index.php/s/wLczlcFRVucdwEB/download?path=%2F&files=img5.png
629,79,https://surfdrive.surf.nl/files/index.php/s/wLczlcFRVucdwEB/download?path=%2F&files=img14.png
630,79,https://surfdrive.surf.nl/files/index.php/s/wLczlcFRVucdwEB/download?path=%2F&files=img2.png
631,79,https://surfdrive.surf.nl/files/index.php/s/wLczlcFRVucdwEB/download?path=%2F&files=img8.png
632,79,https://surfdrive.surf.nl/files/index.php/s/wLczlcFRVucdwEB/download?path=%2F&files=img4.png
633,80,https://surfdrive.surf.nl/files/index.php/s/wLczlcFRVucdwEB/download?path=%2F&files=img9.png
634,80,https://surfdrive.surf.nl/files/index.php/s/wLczlcFRVucdwEB/download?path=%2F&files=img3.png
635,80,https://surfdrive.surf.nl/files/index.php/s/wLczlcFRVucdwEB/download?path=%2F&files=img5.png
636,80,https://surfdrive.surf.nl/files/index.php/s/wLczlcFRVucdwEB/download?path=%2F&files=img10.png
637,80,https://surfdrive.surf.nl/files/index.php/s/wLczlcFRVucdwEB/download?path=%2F&files=img6.png
638,80,https://surfdrive.surf.nl/files/index.php/s/wLczlcFRVucdwEB/download?path=%2F&files=img1.png
639,80,https://surfdrive.surf.nl/files/index.php/s/wLczlcFRVucdwEB/download?path=%2F&files=img4.png
640,80,https://surfdrive.surf.nl/files/index.php/s/wLczlcFRVucdwEB/download?path=%2F&files=img4.png
641,81,https://surfdrive.surf.nl/files/index.php/s/wLczlcFRVucdwEB/download?path=%2F&files=img12.png
642,81,https://surfdrive.surf.nl/files/index.php/s/wLczlcFRVucdwEB/download?path=%2F&files=img11.png
643,81,https://surfdrive.surf.nl/files/index.php/s/wLczlcFRVucdwEB/download?path=%2F&files=img6.png
644,81,https://surfdrive.surf.nl/files/index.php/s/wLczlcFRVucdwEB/download?path=%2F&files=img6.png
645,81,https://surfdrive.surf.nl/files/index.php/s/wLczlcFRVucdwEB/download?path=%2F&files=img11.png
646,81,https://surfdrive.surf.nl/files/index.php/s/wLczlcFRVucdwEB/download?path=%2F&files=img5.png
647,81,https://surfdrive.surf.nl/files/index.php/s/wLczlcFRVucdwEB/download?path=%2F&files=img6.png
648,81,https://surfdrive.surf.nl/files/index.php/s/wLczlcFRVucdwEB/download?path=%2F&files=img12.png
649,82,https://surfdrive.surf.nl/files/index.php/s/wLczlcFRVucdwEB/download?path=%2F&files=img1.png
650,82,https://surfdrive.surf.nl/files/index.php/s/wLczlcFRVucdwEB/download?path=%2F&files=img10.png
651,82,https://surfdrive.surf.nl/files/index.php/s/wLczlcFRVucdwEB/download?path=%2F&files=img2.png
652,82,https://surfdrive.surf.nl/files/index.php/s/wLczlcFRVucdwEB/download?path=%2F&files=img3.png
653,82,https://surfdrive.surf.nl/files/index.php/s/wLczlcFRVucdwEB/download?path=%2F&files=img3.png
654,82,https://surfdrive.surf.nl/files/index.php/s/wLczlcFRVucdwEB/download?path=%2F&files=img9.png
655,82,https://surfdrive.surf.nl/files/index.php/s/wLczlcFRVucdwEB/download?path=%2F&files=img7.png
656,82,https://surfdrive.surf.nl/files/index.php/s/wLczlcFRVucdwEB/download?path=%2F&files=img2.png
657,83,https://surfdrive.surf.nl/files/index.php/s/wLczlcFRVucdwEB/download?path=%2F&files=img13.png
658,83,https://surfdrive.surf.nl/files/index.php/s/wLczlcFRVucdwEB/download?path=%2F&files=img4.png
659,83,https://surfdrive.surf.nl/files/index.php/s/wLczlcFRVucdwEB/download?path=%2F&files=img3.png
660,83,https://surfdrive.surf.nl/files/index.php/s/wLczlcFRVucdwEB/download?path=%2F&files=img12.png
661,83,https://surfdrive.surf.nl/files/index.php/s/wLczlcFRVucdwEB/download?path=%2F&files=img2.png
662,83,https://surfdrive.surf.nl/files/index.php/s/wLczlcFRVucdwEB/download?path=%2F&files=img7.png
663,83,https://surfdrive.surf.nl/files/index.php/s/wLczlcFRVucdwEB/download?path=%2F&files=img9.png
664,83,https://surfdrive.surf.nl/files/index.php/s/wLczlcFRVucdwEB/download?path=%2F&files=img11.png
665,84,https://surfdrive.surf.nl/files/index.php/s/wLczlcFRVucdwEB/download?path=%2F&files=img6.png
666,84,https://surfdrive.surf.nl/files/index.php/s/wLczlcFRVucdwEB/download?path=%2F&files=img12.png
667,84,https://surfdrive.surf.nl/files/index.php/s/wLczlcFRVucdwEB/download?path=%2F&files=img8.png
668,84,https://surfdrive.surf.nl/files/index.php/s/wLczlcFRVucdwEB/download?path=%2F&files=img11.png
669,84,https://surfdrive.surf.nl/files/index.php/s/wLczlcFRVucdwEB/download?path=%2F&files=img3.png
670,84,https://surfdrive.surf.nl/files/index.php/s/wLczlcFRVucdwEB/download?path=%2F&files=img12.png
671,84,https://surfdrive.surf.nl/files/index.php/s/wLczlcFRVucdwEB/download?path=%2F&files=img12.png
672,84,https://surfdrive.surf.nl/files/index.php/s/wLczlcFRVucdwEB/download?path=%2F&files=img12.png
673,85,https://surfdrive.surf.nl/files/index.php/s/wLczlcFRVucdwEB/download?path=%2F&files=img9.png
674,85,https://surfdrive.surf.nl/files/index.php/s/wLczlcFRVucdwEB/download?path=%2F&files=img9.png
675,85,https://surfdrive.surf.nl/files/index.php/s/wLczlcFRVucdwEB/download?path=%2F&files=img12.png
676,85,https://surfdrive.surf.nl/files/index.php/s/wLczlcFRVucdwEB/download?path=%2F&files=img7.png
677,85,https://surfdrive.surf.nl/files/index.php/s/wLczlcFRVucdwEB/download?path=%2F&files=img9.png
678,85,https://surfdrive.surf.nl/files/index.php/s/wLczlcFRVucdwEB/download?path=%2F&files=img8.png
679,85,https://surfdrive.surf.nl/files/index.php/s/wLczlcFRVucdwEB/download?path=%2F&files=img6.png
680,85,https://surfdrive.surf.nl/files/index.php/s/wLczlcFRVucdwEB/download?path=%2F&files=img14.png
681,86,https://surfdrive.surf.nl/files/index.php/s/wLczlcFRVucdwEB/download?path=%2F&files=img4.png
682,86,https://surfdrive.surf.nl/files/index.php/s/wLczlcFRVucdwEB/download?path=%2F&files=img4.png
683,86,https://surfdrive.surf.nl/files/index.php/s/wLczlcFRVucdwEB/download?path=%2F&files=img12.png
684,86,https://surfdrive.surf.nl/files/index.php/s/wLczlcFRVucdwEB/download?path=%2F&files=img5.png
685,86,https://surfdrive.surf.nl/files/index.php/s/wLczlcFRVucdwEB/download?path=%2F&files=img1.png
686,86,https://surfdrive.surf.nl/files/index.php/s/wLczlcFRVucdwEB/download?path=%2F&files=img12.png
687,86,https://surfdrive.surf.nl/files/index.php/s/wLczlcFRVucdwEB/download?path=%2F&files=img3.png
688,86,https://surfdrive.surf.nl/files/index.php/s/wLczlcFRVucdwEB/download?path=%2F&files=img3.png
689,87,https://surfdrive.surf.nl/files/index.php/s/wLczlcFRVucdwEB/download?path=%2F&files=img13.png
690,87,https://surfdrive.surf.nl/files/index.php/s/wLczlcFRVucdwEB/download?path=%2F&files=img10.png
691,87,https://surfdrive.surf.nl/files/index.php/s/wLczlcFRVucdwEB/download?path=%2F&files=img12.png
692,87,https://surfdrive.surf.nl/files/index.php/s/wLczlcFRVucdwEB/download?path=%2F&files=img14.png
693,87,https://surfdrive.surf.nl/files/index.php/s/wLczlcFRVucdwEB/download?path=%2F&files=img7.png
694,87,https://surfdrive.surf.nl/files/index.php/s/wLczlcFRVucdwEB/download?path=%2F&files=img10.png
695,87,https://surfdrive.surf.nl/files/index.php/s/wLczlcFRVucdwEB/download?path=%2F&files=img12.png
696,87,https://surfdrive.surf.nl/files/index.php/s/wLczlcFRVucdwEB/download?path=%2F&files=img13.png
697,88,https://surfdrive.surf.nl/files/index.php/s/wLczlcFRVucdwEB/download?path=%2F&files=img1.png
698,88,https://surfdrive.surf.nl/files/index.php/s/wLczlcFRVucdwEB/download?path=%2F&files=img7.png
699,88,https://surfdrive.surf.nl/files/index.php/s/wLczlcFRVucdwEB/download?path=%2F&files=img12.png
700,88,https://surfdrive.surf.nl/files/index.php/s/wLczlcFRVucdwEB/download?path=%2F&files=img4.png
701,88,https://surfdrive.surf.nl/files/index.php/s/wLczlcFRVucdwEB/download?path=%2F&files=img2.png
702,88,https://surfdrive.surf.nl/files/index.php/s/wLczlcFRVucdwEB/download?path=%2F&files=img7.png
703,88,https://surfdrive.surf.nl/files/index.php/s/wLczlcFRVucdwEB/download?path=%2F&files=img4.png
704,88,https://surfdrive.surf.nl/files/index.php/s/wLczlcFRVucdwEB/download?path=%2F&files=img1.png
705,89,https://surfdrive.surf.nl/files/index.php/s/wLczlcFRVucdwEB/download?path=%2F&files=img11.png
706,89,https://surfdrive.surf.nl/files/index.php/s/wLczlcFRVucdwEB/download?path=%2F&files=img3.png
707,89,https://surfdrive.surf.nl/files/index.php/s/wLczlcFRVucdwEB/download?path=%2F&files=img13.png
708,89,https://surfdrive.surf.nl/files/index.php/s/wLczlcFRVucdwEB/download?path=%2F&files=img3.png
709,89,https://surfdrive.surf.nl/files/index.php/s/wLczlcFRVucdwEB/download?path=%2F&files=img3.png
710,89,https://surfdrive.surf.nl/files/index.php/s/wLczlcFRVucdwEB/download?path=%2F&files=img13.png
711,89,https://surfdrive.surf.nl/files/index.php/s/wLczlcFRVucdwEB/download?path=%2F&files=img3.png
712,89,https://surfdrive.surf.nl/files/index.php/s/wLczlcFRVucdwEB/download?path=%2F&files=img3.png
713,90,https://surfdrive.surf.nl/files/index.php/s/wLczlcFRVucdwEB/download?path=%2F&files=img7.png
714,90,https://surfdrive.surf.nl/files/index.php/s/wLczlcFRVucdwEB/download?path=%2F&files=img14.png
715,90,https://surfdrive.surf.nl/files/index.php/s/wLczlcFRVucdwEB/download?path=%2F&files=img10.png
716,90,https://surfdrive.surf.nl/files/index.php/s/wLczlcFRVucdwEB/download?path=%2F&files=img12.png
717,90,https://surfdrive.surf.nl/files/index.php/s/wLczlcFRVucdwEB/download?path=%2F&files=img8.png
718,90,https://surfdrive.surf.nl/files/index.php/s/wLczlcFRVucdwEB/download?path=%2F&files=img3.png
719,90,https://surfdrive.surf.nl/files/index.php/s/wLczlcFRVucdwEB/download?path=%2F&files=img12.png
720,90,https://surfdrive.surf.nl/files/index.php/s/wLczlcFRVucdwEB/download?path=%2F&files=img6.png
721,91,https://surfdrive.surf.nl/files/index.php/s/wLczlcFRVucdwEB/download?path=%2F&files=img9.png
722,91,https://surfdrive.surf.nl/files/index.php/s/wLczlcFRVucdwEB/download?path=%2F&files=img10.png
723,91,https://surfdrive.surf.nl/files/index.php/s/wLczlcFRVucdwEB/download?path=%2F&files=img8.png
724,91,https://surfdrive.surf.nl/files/index.php/s/wLczlcFRVucdwEB/download?path=%2F&files=img11.png
725,91,https://surfdrive.surf.nl/files/index.php/s/wLczlcFRVucdwEB/download?path=%2F&files=img2.png
726,91,https://surfdrive.surf.nl/files/index.php/s/wLczlcFRVucdwEB/download?path=%2F&files=img3.png
727,91,https://surfdrive.surf.nl/files/index.php/s/wLczlcFRVucdwEB/download?path=%2F&files=img5.png
728,91,https://surfdrive.surf.nl/files/index.php/s/wLczlcFRVucdwEB/download?path=%2F&files=img13.png
729,92,https://surfdrive.surf.nl/files/index.php/s/wLczlcFRVucdwEB/download?path=%2F&files=img8.png
730,92,https://surfdrive.surf.nl/files/index.php/s/wLczlcFRVucdwEB/download?path=%2F&files=img14.png
731,92,https://surfdrive.surf.nl/files/index.php/s/wLczlcFRVucdwEB/download?path=%2F&files=img14.png
732,92,https://surfdrive.surf.nl/files/index.php/s/wLczlcFRVucdwEB/download?path=%2F&files=img14.png
733,92,https://surfdrive.surf.nl/files/index.php/s/wLczlcFRVucdwEB/download?path=%2F&files=img1.png
734,92,https://surfdrive.surf.nl/files/index.php/s/wLczlcFRVucdwEB/download?path=%2F&files=img6.png
735,92,https://surfdrive.surf.nl/files/index.php/s/wLczlcFRVucdwEB/download?path=%2F&files=img7.png
736,92,https://surfdrive.surf.nl/files/index.php/s/wLczlcFRVucdwEB/download?path=%2F&files=img9.png
737,93,https://surfdrive.surf.nl/files/index.php/s/wLczlcFRVucdwEB/download?path=%2F&files=img13.png
738,93,https://surfdrive.surf.nl/files/index.php/s/wLczlcFRVucdwEB/download?path=%2F&files=img12.png
739,93,https://surfdrive.surf.nl/files/index.php/s/wLczlcFRVucdwEB/download?path=%2F&files=img9.png
740,93,https://surfdrive.surf.nl/files/index.php/s/wLczlcFRVucdwEB/download?path=%2F&files=img12.png
741,93,https://surfdrive.surf.nl/files/index.php/s/wLczlcFRVucdwEB/download?path=%2F&files=img6.png
742,93,https://surfdrive.surf.nl/files/index.php/s/wLczlcFRVucdwEB/download?path=%2F&files=img4.png
743,93,https://surfdrive.surf.nl/files/index.php/s/wLczlcFRVucdwEB/download?path=%2F&files=img12.png
744,93,https://surfdrive.surf.nl/files/index.php/s/wLczlcFRVucdwEB/download?path=%2F&files=img14.png
745,94,https://surfdrive.surf.nl/files/index.php/s/wLczlcFRVucdwEB/download?path=%2F&files=img3.png
746,94,https://surfdrive.surf.nl/files/index.php/s/wLczlcFRVucdwEB/download?path=%2F&files=img7.png
747,94,https://surfdrive.surf.nl/files/index.php/s/wLczlcFRVucdwEB/download?path=%2F&files=img1.png
748,94,https://surfdrive.surf.nl/files/index.php/s/wLczlcFRVucdwEB/download?path=%2F&files=img11.png
749,94,https://surfdrive.surf.nl/files/index.php/s/wLczlcFRVucdwEB/download?path=%2F&files=img14.png
750,94,https://surfdrive.surf.nl/files/index.php/s/wLczlcFRVucdwEB/download?path=%2F&files=img5.png
751,94,https://surfdrive.surf.nl/files/index.php/s/wLczlcFRVucdwEB/download?path=%2F&files=img6.png
752,94,https://surfdrive.surf.nl/files/index.php/s/wLczlcFRVucdwEB/download?path=%2F&files=img9.png
753,95,https://surfdrive.surf.nl/files/index.php/s/wLczlcFRVucdwEB/download?path=%2F&files=img12.png
754,95,https://surfdrive.surf.nl/files/index.php/s/wLczlcFRVucdwEB/download?path=%2F&files=img4.png
755,95,https://surfdrive.surf.nl/files/index.php/s/wLczlcFRVucdwEB/download?path=%2F&files=img5.png
756,95,https://surfdrive.surf.nl/files/index.php/s/wLczlcFRVucdwEB/download?path=%2F&files=img12.png
757,95,https://surfdrive.surf.nl/files/index.php/s/wLczlcFRVucdwEB/download?path=%2F&files=img14.png
758,95,https://surfdrive.surf.nl/files/index.php/s/wLczlcFRVucdwEB/download?path=%2F&files=img9.png
759,95,https://surfdrive.surf.nl/files/index.php/s/wLczlcFRVucdwEB/download?path=%2F&files=img1.png
760,95,https://surfdrive.surf.nl/files/index.php/s/wLczlcFRVucdwEB/download?path=%2F&files=img3.png
761,96,https://surfdrive.surf.nl/files/index.php/s/wLczlcFRVucdwEB/download?path=%2F&files=img8.png
762,96,https://surfdrive.surf.nl/files/index.php/s/wLczlcFRVucdwEB/download?path=%2F&files=img7.png
763,96,https://surfdrive.surf.nl/files/index.php/s/wLczlcFRVucdwEB/download?path=%2F&files=img1.png
764,96,https://surfdrive.surf.nl/files/index.php/s/wLczlcFRVucdwEB/download?path=%2F&files=img5.png
765,96,https://surfdrive.surf.nl/files/index.php/s/wLczlcFRVucdwEB/download?path=%2F&files=img2.png
766,96,https://surfdrive.surf.nl/files/index.php/s/wLczlcFRVucdwEB/download?path=%2F&files=img2.png
767,96,https://surfdrive.surf.nl/files/index.php/s/wLczlcFRVucdwEB/download?path=%2F&files=img1.png
768,96,https://surfdrive.surf.nl/files/index.php/s/wLczlcFRVucdwEB/download?path=%2F&files=img12.png
769,97,https://surfdrive.surf.nl/files/index.php/s/wLczlcFRVucdwEB/download?path=%2F&files=img2.png
770,97,https://surfdrive.surf.nl/files/index.php/s/wLczlcFRVucdwEB/download?path=%2F&files=img4.png
771,97,https://surfdrive.surf.nl/files/index.php/s/wLczlcFRVucdwEB/download?path=%2F&files=img13.png
772,97,https://surfdrive.surf.nl/files/index.php/s/wLczlcFRVucdwEB/download?path=%2F&files=img4.png
773,97,https://surfdrive.surf.nl/files/index.php/s/wLczlcFRVucdwEB/download?path=%2F&files=img12.png
774,97,https://surfdrive.surf.nl/files/index.php/s/wLczlcFRVucdwEB/download?path=%2F&files=img4.png
775,97,https://surfdrive.surf.nl/files/index.php/s/wLczlcFRVucdwEB/download?path=%2F&files=img7.png
776,97,https://surfdrive.surf.nl/files/index.php/s/wLczlcFRVucdwEB/download?path=%2F&files=img11.png
777,98,https://surfdrive.surf.nl/files/index.php/s/wLczlcFRVucdwEB/download?path=%2F&files=img13.png
778,98,https://surfdrive.surf.nl/files/index.php/s/wLczlcFRVucdwEB/download?path=%2F&files=img13.png
779,98,https://surfdrive.surf.nl/files/index.php/s/wLczlcFRVucdwEB/download?path=%2F&files=img14.png
780,98,https://surfdrive.surf.nl/files/index.php/s/wLczlcFRVucdwEB/download?path=%2F&files=img10.png
781,98,https://surfdrive.surf.nl/files/index.php/s/wLczlcFRVucdwEB/download?path=%2F&files=img12.png
782,98,https://surfdrive.surf.nl/files/index.php/s/wLczlcFRVucdwEB/download?path=%2F&files=img11.png
783,98,https://surfdrive.surf.nl/files/index.php/s/wLczlcFRVucdwEB/download?path=%2F&files=img10.png
784,98,https://surfdrive.surf.nl/files/index.php/s/wLczlcFRVucdwEB/download?path=%2F&files=img6.png
785,99,https://surfdrive.surf.nl/files/index.php/s/wLczlcFRVucdwEB/download?path=%2F&files=img12.png
786,99,https://surfdrive.surf.nl/files/index.php/s/wLczlcFRVucdwEB/download?path=%2F&files=img3.png
787,99,https://surfdrive.surf.nl/files/index.php/s/wLczlcFRVucdwEB/download?path=%2F&files=img6.png
788,99,https://surfdrive.surf.nl/files/index.php/s/wLczlcFRVucdwEB/download?path=%2F&files=img14.png
789,99,https://surfdrive.surf.nl/files/index.php/s/wLczlcFRVucdwEB/download?path=%2F&files=img14.png
790,99,https://surfdrive.surf.nl/files/index.php/s/wLczlcFRVucdwEB/download?path=%2F&files=img8.png
791,99,https://surfdrive.surf.nl/files/index.php/s/wLczlcFRVucdwEB/download?path=%2F&files=img4.png
792,99,https://surfdrive.surf.nl/files/index.php/s/wLczlcFRVucdwEB/download?path=%2F&files=img6.png
793,100,https://surfdrive.surf.nl/files/index.php/s/wLczlcFRVucdwEB/download?path=%2F&files=img10.png
794,100,https://surfdrive.surf.nl/files/index.php/s/wLczlcFRVucdwEB/download?path=%2F&files=img9.png
795,100,https://surfdrive.surf.nl/files/index.php/s/wLczlcFRVucdwEB/download?path=%2F&files=img3.png
796,100,https://surfdrive.surf.nl/files/index.php/s/wLczlcFRVucdwEB/download?path=%2F&files=img11.png
797,100,https://surfdrive.surf.nl/files/index.php/s/wLczlcFRVucdwEB/download?path=%2F&files=img12.png
798,100,https://surfdrive.surf.nl/files/index.php/s/wLczlcFRVucdwEB/download?path=%2F&files=img9.png
799,100,https://surfdrive.surf.nl/files/index.php/s/wLczlcFRVucdwEB/download?path=%2F&files=img4.png
800,100,https://surfdrive.surf.nl/files/index.php/s/wLczlcFRVucdwEB/download?path=%2F&files=img5.png
